	log2FoldChange	scaled_expression	discretization
MXAN_4353	0.170455933534156	0.37099003009143633	0
MXAN_5925	-0.0212638880122191	0.34465332571960866	0
MXAN_0017	1.09381352610688	0.4978323969835215	1
MXAN_4564	-0.338628603856592	0.3010566822853222	-1
MXAN_4565	-0.574376744509884	0.2686717726994765	-1
MXAN_5070	0.278191490881362	0.3857897492926204	0
MXAN_3647	-0.362155204614534	0.29782481442712017	-1
MXAN_3261	0.247782508210524	0.38161244315708254	0
MXAN_7449	0.190564079990667	0.3737523021633538	0
MXAN_1572	3.81412494134411	0.8715237397176437	1
MXAN_1030	1.43651416286416	0.5449094560247557	1
MXAN_4037	-0.431504333385719	0.288298269450399	-1
MXAN_2970	-0.796416191090806	0.2381700373216796	-1
MXAN_3644	-1.53189456696141	0.137136787859309	-1
MXAN_6374	-1.94911130591548	0.07982339259228151	-1
MXAN_3518	-1.14559923353055	0.19020248505600834	-1
MXAN_2536	-0.771674530759058	0.24156881887994328	-1
MXAN_1573	0.0644323360932718	0.3564254841842058	0
MXAN_0225	0.342788120886708	0.3946634397339377	0
MXAN_7148	0.201820991892311	0.37529867310456394	0
MXAN_1528	0.124560481440815	0.3646853353340332	0
MXAN_0216	-1.07306381669993	0.2001667329576957	-1
MXAN_2959	-0.606608258765907	0.2642441039505157	-1
MXAN_5806	0.813408740725711	0.45931296859336246	0
MXAN_6034	-0.0798664507207269	0.33660304507029076	0
MXAN_3543	1.60973597439979	0.5687050740488567	1
MXAN_6199	1.07222468923533	0.4948667212916103	1
MXAN_2666	0.743549437148086	0.4497163404977087	0
MXAN_2667	0.53522028643588	0.4210979993679986	0
MXAN_5502	0.409607554005422	0.4038424784068639	0
MXAN_3800	0.706202338752441	0.44458593988676437	0
MXAN_2179	-1.09475684803852	0.1971867439889753	-1
MXAN_5327	1.08038309714511	0.4959874482750364	1
MXAN_5328	0.460864783095454	0.41088372473483775	0
MXAN_4610	0.261051203670408	0.3834351744057774	0
MXAN_5371	3.82462682748533	0.8729663921696282	1
MXAN_5136	3.35096266036903	0.8078987688000098	1
MXAN_6987	1.50854391988624	0.554804241036363	1
MXAN_4771	-0.961272943984561	0.21552353405643407	-1
MXAN_3678	1.22373904664107	0.5156803690766788	1
MXAN_4351	0.767626308431497	0.4530237994556567	0
MXAN_3537	0.527796148484124	0.4200781396327141	0
MXAN_2306	0.687224737820939	0.4419789717528065	0
MXAN_2698	0.0206908370598442	0.35041667967180795	0
MXAN_1437	-0.434954867761394	0.2878242667988004	-1
MXAN_2907	-0.659280466272869	0.2570084809119929	-1
MXAN_6714	1.00333258138346	0.48540295764207086	1
MXAN_7084	0.287173353988413	0.38702359497143773	0
MXAN_4963	-0.0274485422277549	0.3438037348510028	0
MXAN_6822	0.280951248800192	0.38616885943292717	0
MXAN_1160	0.0521542757319093	0.3547388372669049	0
MXAN_2336	1.51963637778693	0.5563280208006623	1
MXAN_2337	1.22504021196126	0.5158591111916062	1
MXAN_3799	0.684082014840026	0.44154725339732676	0
MXAN_3757	-0.123173606469772	0.3306539066403271	0
MXAN_2079	0.0831125360519359	0.35899159810998454	0
MXAN_3530	1.55367577363558	0.5610040396819164	1
MXAN_6869	-0.0931973984108511	0.33477176218321497	0
MXAN_4159	-0.2611546946021	0.31169933481914897	-1
MXAN_4395	0.378223449800781	0.39953121905065625	0
MXAN_1048	0.336491161444047	0.39379842140695875	0
MXAN_1357	-0.396630577311592	0.2930889050594424	-1
MXAN_0896	0.061953722324661	0.35608499503942503	0
MXAN_2705	-0.912123179336867	0.22227527631777405	-1
MXAN_3222	-0.479954265561031	0.2816426637324078	-1
MXAN_5465	-0.66574289728444	0.2561207316239836	-1
MXAN_1686	0.557098548903437	0.42410343368423026	0
MXAN_1062	0.148098023865521	0.36791870625770107	0
MXAN_5851	0.387563354656585	0.40081424920927144	0
MXAN_1633	-0.0465048596094651	0.34118595337567204	0
MXAN_2367	3.16873629019609	0.7828661873940487	1
MXAN_6984	0.950225926558461	0.478107654229928	1
MXAN_3661	-0.264251669638132	0.31127390089524365	-1
MXAN_3054	0.592268667150009	0.4289347808006167	0
MXAN_4161	-0.826096608148178	0.2340928148239345	-1
MXAN_6704	-0.685223339602204	0.25344468776885565	-1
MXAN_6182	-0.649432021104263	0.25836136965784956	-1
MXAN_2615	-0.684179916253319	0.2535880236641877	-1
MXAN_3980	1.33351231303594	0.5307600099904497	1
MXAN_1523	-1.69545611605251	0.11466820777058559	-1
MXAN_2839	0.441676636443322	0.4082478337677776	0
MXAN_5385	0.886043693586067	0.4692908898386215	1
MXAN_0262	-0.0825776564649679	0.33623060458082366	0
MXAN_4594	-0.667433051170973	0.25588855384031217	-1
MXAN_1390	0.317252915605906	0.3911556482748697	0
MXAN_1237	0.402770119645353	0.40290321461060924	0
MXAN_1079	0.682669074441559	0.4413531566509951	0
MXAN_4566	-1.3792158700272	0.15811038189147075	-1
MXAN_6424	-0.32463337933539	0.3029792174090213	-1
MXAN_0517	-0.159255546302321	0.32569730186745	0
MXAN_4417	-0.318756799572857	0.3037864878449886	-1
MXAN_5306	-1.10208493582201	0.1961800787416999	-1
MXAN_3439	1.27052856902053	0.5221078829803926	1
MXAN_0112	-0.580921901815093	0.26777265923471305	-1
MXAN_0328	-0.670384109947362	0.25548316454904973	-1
MXAN_1748	1.14358269236789	0.504669226937129	1
MXAN_4313	2.36413111609755	0.6723369346785154	1
MXAN_5140	-0.475204091910373	0.28229519886489	-1
MXAN_2236	2.09307084147662	0.6351011691637273	1
MXAN_5361	-0.893682384112101	0.22480850302484462	-1
MXAN_4364	-0.714270649734671	0.2494544356729318	-1
MXAN_5325	0.297391162921102	0.38842722351134307	0
MXAN_2470	-1.07056895379165	0.20050945425971667	-1
MXAN_2661	0.68820343264184	0.4421134158387669	0
MXAN_4450	-2.17917675678133	0.04821911862231281	-1
MXAN_5759	-0.37332749566494	0.29629006791954854	-1
MXAN_6322	0.340652452020213	0.3943700612031248	0
MXAN_3154	0.886688451588344	0.4693794607582081	1
MXAN_5760	-0.173060499190412	0.3238009045093254	0
MXAN_4016	-1.00744062085197	0.20918144356530083	-1
MXAN_2372	-0.262398454071349	0.31152847859162347	-1
MXAN_4638	-0.10651294552715	0.33294259488521455	0
MXAN_0966	1.93921691587778	0.6139661330351771	1
MXAN_0967	1.83298516520457	0.5993729929528655	1
MXAN_0121	-2.0274867821614	0.06905689108377314	-1
MXAN_5794	-0.517046877995672	0.2765472220603342	-1
MXAN_6281	-1.21765585135553	0.1803040101545427	-1
MXAN_5984	0.430034802065714	0.40664858571989293	0
MXAN_3415	1.26654751601474	0.5215610025626225	1
MXAN_3421	2.65252490013204	0.7119538181677997	1
MXAN_0979	1.72317711279479	0.5842885734565589	1
MXAN_4270	1.13718295354138	0.5037900897244443	1
MXAN_4038	-0.0726923731313331	0.33758855381470987	0
MXAN_4228	0.0959848691112661	0.36075988074046506	0
MXAN_5373	1.55065151412209	0.5605885947471776	1
MXAN_6878	1.05376825275832	0.49233134593327865	1
MXAN_4629	0.591460022648339	0.42882369666225995	0
MXAN_4215	0.288266078592569	0.38717370341941854	0
MXAN_5352	-0.210267433251952	0.31868975838443797	-1
MXAN_4626	-0.755685006869509	0.2437653124940554	-1
MXAN_1072	1.08468580284845	0.496578514379698	1
MXAN_5224	1.51818768576086	0.5561290128248114	1
MXAN_5222	0.716470666499083	0.44599650823632303	0
MXAN_3539	2.34224660390231	0.6693306418322211	1
MXAN_3540	2.09932784374255	0.6359606985415583	1
MXAN_3288	-1.31919109258446	0.1663560333100008	-1
MXAN_0955	-0.165510739436117	0.324838021011539	0
MXAN_3969	-0.342212697573665	0.30056433248076814	-1
MXAN_1946	-0.465828756895808	0.2835830960925938	-1
MXAN_3330	-0.443672573619528	0.2866267086113665	-1
MXAN_6017	-0.615919744827355	0.2629649777042844	-1
MXAN_0147	0.415410465516795	0.40463962897657657	0
MXAN_5578	-0.0118592730655445	0.34594524515487435	0
MXAN_2556	0.0067706948888606	0.34850445867027563	0
MXAN_0894	-0.376319658170593	0.29587903217630496	-1
MXAN_4644	-0.289596794952551	0.30779222087233943	-1
MXAN_4725	0.0908362390754904	0.36005260933744354	0
MXAN_3410	-0.0138628214242404	0.345670016123301	0
MXAN_5420	0.748144571956155	0.45034757782107293	0
MXAN_2064	-0.587382358847679	0.26688518111376686	-1
MXAN_6303	0.350154454831318	0.39567535888678557	0
MXAN_2603	0.959771064214244	0.4794188773815099	1
MXAN_7094	1.52409392917958	0.5569403581808222	1
MXAN_5874	-0.614844365318878	0.2631127034426762	-1
MXAN_6186	-0.811802260103601	0.2360564407839502	-1
MXAN_6166	0.44053947994639	0.4080916216753469	0
MXAN_5923	-0.407261447418817	0.29162853397745925	-1
MXAN_0862	2.05628521085724	0.6300478978277766	1
MXAN_2473	-0.952829240432975	0.21668345232908734	-1
MXAN_5577	0.0059223675713254	0.3483879232719414	0
MXAN_1070	-1.59079203639403	0.1290459956387432	-1
MXAN_3130	-0.0305913023912974	0.3433720113877157	0
MXAN_2280	1.68483599585751	0.5790216237279491	1
MXAN_5910	-0.754727665851853	0.2438968231910802	-1
MXAN_5087	0.973944114172139	0.48136584052688264	1
MXAN_5926	0.465485241447816	0.4115184407736229	0
MXAN_3039	0.255376561873593	0.38265564434877397	0
MXAN_2041	0.554039742436874	0.42368324300707066	0
MXAN_4171	1.51868788810115	0.5561977260181373	1
MXAN_2813	0.110839513211646	0.36280047501530266	0
MXAN_6530	0.0633565938497167	0.3562777086166078	0
MXAN_3143	-0.481313485546567	0.28145594660192746	-1
MXAN_2005	0.331433336746137	0.39310362400542265	0
MXAN_0059	0.827689511363748	0.4612747294142429	1
MXAN_0881	-0.243847761499264	0.31407680198470306	-1
MXAN_6577	0.532158943815749	0.4206774602974061	0
MXAN_5414	0.871654728418764	0.46731426624920236	1
MXAN_6065	0.598905228507121	0.4298464505126891	0
MXAN_6066	0.582142240878366	0.4275437055695412	0
MXAN_5831	-0.161248670120251	0.3254235048633329	0
MXAN_4711	-0.0443109434899423	0.34148733337796083	0
MXAN_1912	0.140778517279682	0.36691321981637204	0
MXAN_1095	0.600780628838872	0.43010407574787746	0
MXAN_4219	1.17330501247379	0.5087522056899785	1
MXAN_2278	0.725415692732094	0.44722529360445495	0
MXAN_3466	0.30709070535734	0.3897596573704233	0
MXAN_4877	-0.0790807546651604	0.336710976762354	0
MXAN_0971	0.570358638801108	0.42592498277999946	0
MXAN_0917	0.0286534676901031	0.35151051257463306	0
MXAN_1295	-0.0122183166931369	0.3458959230461836	0
MXAN_7353	-2.12514658865856	0.05564128579069471	-1
MXAN_7242	-0.867284630961944	0.22843478337076073	-1
MXAN_0215	-1.19141567323327	0.18390864429354797	-1
MXAN_6401	0.617413285346945	0.4323889170013172	0
MXAN_4768	-0.249186993876233	0.31334334738647457	-1
MXAN_6395	3.19648145028022	0.7866775621021564	1
MXAN_5868	-0.0034127615517042	0.3471055491595359	0
MXAN_6400	4.74937657140862	1.0	1
MXAN_2476	-0.920382592434372	0.22114067417137484	-1
MXAN_6396	3.39560016749619	0.8140306586568915	1
MXAN_1814	0.830365896890478	0.46164238662273593	1
MXAN_2097	0.485830585319735	0.4143132968431519	0
MXAN_3465	-0.034826743006925	0.342790185541653	0
MXAN_6988	1.23866531727354	0.5177308027451983	1
MXAN_3791	0.323366448516455	0.3919954691532426	0
MXAN_5372	3.9293144335979	0.8873474118854962	1
MXAN_2963	2.00793029359551	0.6234053443840352	1
MXAN_5883	0.562218335661636	0.42480674286327036	0
MXAN_5135	2.45720792874247	0.6851229704609882	1
MXAN_0529	0.822665677294614	0.46058460133241647	1
MXAN_6463	-0.275551114109015	0.3097216872211685	-1
MXAN_1571	3.60882138476572	0.8433210268605281	1
MXAN_0992	-0.58915712916373	0.2666413795038721	-1
MXAN_0301	1.58869404485115	0.5658145274508811	1
MXAN_2841	-0.193091883436075	0.3210491773233657	-1
MXAN_2844	1.29270853546445	0.5251547626118201	1
MXAN_2326	0.0749669362561376	0.3578726305873632	0
MXAN_3683	-0.401142200004789	0.2924691398617202	-1
MXAN_3684	-0.0025394336986892	0.3472255189013134	0
MXAN_0781	2.03666014991944	0.6273519875977907	1
MXAN_6035	1.20174905557779	0.5126595865143883	1
MXAN_3949	-1.61796182656714	0.12531365995293775	-1
MXAN_3894	-0.0597940775907083	0.3393604029318953	0
MXAN_6392	2.43626288524281	0.6822457331766202	1
MXAN_4769	0.178844888937495	0.3721424275674206	0
MXAN_6637	0.0894672799136902	0.35986455432857367	0
MXAN_2592	-0.71417830011312	0.2494671218138953	-1
MXAN_5810	-0.433622786937116	0.28800725580111336	-1
MXAN_5768	-0.379653787752779	0.2954210201437715	-1
MXAN_5767	-0.278512514830747	0.30931487724864876	-1
MXAN_4152	0.0176812857999712	0.35000325522156683	0
MXAN_5840	0.657810839224189	0.43793836110797474	0
MXAN_3520	-0.259516181390323	0.31192441868225634	-1
MXAN_6501	0.808428919752137	0.4586288866254794	0
MXAN_3487	-1.27989644146421	0.17175397078772686	-1
MXAN_4064	-0.0540545275106934	0.34014884949138724	0
MXAN_3795	0.372867688124919	0.3987954938094922	0
MXAN_5921	4.16244495949234	0.919372737649976	1
MXAN_3797	0.993689171527524	0.4840782347601923	1
MXAN_6432	0.298329135691042	0.38855607357677435	0
MXAN_4304	0.194522698414929	0.3742961007248158	0
MXAN_3760	-0.752970205439149	0.2441382469257845	-1
MXAN_5616	0.0385168527855447	0.35286545363012173	0
MXAN_5895	-0.147412103729623	0.32732424499344503	0
MXAN_3048	-0.0103434969878863	0.3461534685202478	0
MXAN_0422	2.13060744825251	0.6402576026915929	1
MXAN_2969	2.90517751506046	0.746660908829938	1
MXAN_3978	-0.421928472670056	0.2896137130531525	-1
MXAN_7311	0.161623692626454	0.36977673813314693	0
MXAN_4671	2.90469091237488	0.7465940638319962	1
MXAN_0797	0.868815184624693	0.46692419585975536	1
MXAN_5054	1.40957663580427	0.5412090265075458	1
MXAN_1010	-0.816642416356344	0.23539154466985115	-1
MXAN_1364	-1.89083368682498	0.08782903547834701	-1
MXAN_3204	0.832250093912115	0.46190122026621044	1
MXAN_1442	2.69825590432608	0.7182359225864808	1
MXAN_0988	1.60646752426365	0.5682560844540654	1
MXAN_6203	1.79946080813262	0.594767725358007	1
MXAN_6385	-0.15776549714003	0.3259019911059973	0
MXAN_2656	-0.806848635203615	0.23673692417636924	-1
MXAN_3724	-0.107134868627878	0.3328571608142157	0
MXAN_3514	-0.330860753439071	0.3021237580754033	-1
MXAN_6299	0.450401510529105	0.409446376660345	0
MXAN_5570	0.7002349061307	0.4437661889212671	0
MXAN_3021	-0.426718406969008	0.2889557159687901	-1
MXAN_4230	-0.27182187294448	0.3102339760460246	-1
MXAN_2815	1.15726893019479	0.5065493163128768	1
MXAN_5956	-0.428863270884711	0.28866107430675414	-1
MXAN_5069	0.826503355660415	0.46111178626185695	1
MXAN_1914	-1.0997531949148	0.19650039184469342	-1
MXAN_3877	0.860528347616932	0.46578582646899247	1
MXAN_6533	-0.805523687427272	0.23691893330621405	-1
MXAN_1111	-0.174238328888376	0.3236391051069192	0
MXAN_1113	0.0426756893067676	0.35343675631080834	0
MXAN_1101	0.25607932457962	0.38275218342064926	0
MXAN_3028	-0.149855044756406	0.3269886562415818	0
MXAN_4770	-0.511579337294957	0.2772983024750467	-1
MXAN_2657	-0.468725648767919	0.28318514775205417	-1
MXAN_2712	0.0157710831003484	0.34974084915742354	0
MXAN_2034	0.287974010696192	0.38713358182019453	0
MXAN_6608	0.256685279116427	0.3828354238773215	0
MXAN_5549	2.1834316462315	0.6475141047821452	1
MXAN_7157	-0.725300710954328	0.2479392273903338	-1
MXAN_5607	0.632630427829696	0.43447930796725737	0
MXAN_3320	0.954084832681567	0.47863775523327307	1
MXAN_4044	-0.416407265302754	0.2903721657005383	-1
MXAN_3521	-0.719339275437062	0.24875815452881947	-1
MXAN_1524	-0.586960958685875	0.26694306918915806	-1
MXAN_3881	0.4853364478759	0.41424541678947585	0
MXAN_5543	3.14694187762963	0.7798722716054214	1
MXAN_5941	0.376981381934836	0.3993605952000221	0
MXAN_4766	-0.357617138348525	0.29844821219947176	-1
MXAN_5107	2.13496630093852	0.640856381751921	1
MXAN_3828	0.048861985713229	0.35428657276848774	0
MXAN_4223	-1.29670780456968	0.1694445804668668	-1
MXAN_2787	-0.700653287491037	0.2513250635550255	-1
MXAN_4613	0.519171332755782	0.41889334183629073	0
MXAN_7323	0.197218282506486	0.37466639525542883	0
MXAN_5629	0.276788270271973	0.3855969877614451	0
MXAN_2314	0.829231458686277	0.4614865479443397	1
MXAN_6791	1.83018017322261	0.5989876689733291	1
MXAN_2282	2.31623297366926	0.6657571287569434	1
MXAN_4266	-1.16396588824218	0.1876794430901956	-1
MXAN_2881	-1.30350161328212	0.16851130956052499	-1
MXAN_2663	-0.347774987272267	0.29980023632085645	-1
MXAN_4028	-1.18646500457873	0.18458872158417886	-1
MXAN_7243	-0.228039766354234	0.31624835885080016	-1
MXAN_5479	1.39162186439142	0.5387425652780814	1
MXAN_6517	0.714720030857575	0.44575602202586595	0
MXAN_4633	-1.03629640802035	0.20521750113128298	-1
MXAN_2955	-0.496989523015421	0.27930251686676033	-1
MXAN_4710	0.0549892483156204	0.35512827970554905	0
MXAN_4709	0.271414281267908	0.3848587586177085	0
MXAN_6661	-0.324101447161941	0.30305228935476486	-1
MXAN_1151	-0.354832023774053	0.2988308056037317	-1
MXAN_1706	0.363767706438929	0.39754542208753935	0
MXAN_1262	-0.359674805165828	0.29816554887219593	-1
MXAN_6664	-1.01629254597674	0.2079654475704567	-1
MXAN_1763	1.51022575496886	0.5550352760593246	1
MXAN_6245	-1.14849460769527	0.18980474520414012	-1
MXAN_6662	0.0882757909434471	0.3597008785410704	0
MXAN_6663	0.671374830803005	0.43980165741939353	0
MXAN_5999	1.24267693598443	0.5182818819981886	1
MXAN_6665	0.361057521822396	0.3971731218711977	0
MXAN_4455	0.577058567276447	0.42684535728350226	0
MXAN_6070	0.455880472482731	0.4101990260216539	0
MXAN_0467	-0.374917872093802	0.29607159664459626	-1
MXAN_5935	0.432255397749571	0.40695363071515417	0
MXAN_6386	0.222987668845227	0.37820635635268385	0
MXAN_0625	0.812486199712668	0.45918623840064987	0
MXAN_6986	0.732106548155345	0.4481444217355761	0
MXAN_7391	0.765485033768032	0.4527296508520553	0
MXAN_5040	-1.26688588856764	0.1735412407871834	-1
MXAN_0626	1.02673167358865	0.4886173095489662	1
MXAN_0925	0.0679129202053387	0.35690361479199284	0
MXAN_5363	-1.69784070538166	0.1143406348378367	-1
MXAN_6541	1.86305386053917	0.6035035535463737	1
MXAN_6072	0.345466615856169	0.3950313867182565	0
MXAN_6071	-0.0791142052216635	0.33670638163280203	0
MXAN_2319	1.11967705516879	0.5013852905415355	1
MXAN_1043	-0.0785944718522402	0.33677777781913404	0
MXAN_7451	0.233099314686413	0.3795954011842717	0
MXAN_1264	1.6868799037558	0.5793023969815767	1
MXAN_1354	-0.217514196381715	0.31769426476952733	-1
MXAN_6456	-0.245509192698243	0.3138485698594658	-1
MXAN_3856	0.0285624243554024	0.3514980058793331	0
MXAN_3442	1.5106062516092	0.5550875451854392	1
MXAN_1610	-1.1274109244841	0.1927010275359466	-1
MXAN_4229	-0.256303985769384	0.31236568054955205	-1
MXAN_4550	-0.114784829186006	0.331806279647884	0
MXAN_4231	-0.291734714593594	0.30749853315083664	-1
MXAN_6200	2.12255044468143	0.6391508057028268	1
MXAN_1383	0.417442442255169	0.40491876323727716	0
MXAN_6181	0.597099946046502	0.429598457425227	0
MXAN_3775	0.590496424738556	0.4286913264509872	0
MXAN_4401	2.6107697117567	0.7062178747303326	1
MXAN_0916	0.273972397117134	0.385210169026536	0
MXAN_4213	0.963559481344862	0.4799392952558929	1
MXAN_3454	-1.2540618269191	0.1753028923355706	-1
MXAN_6743	1.59042861537187	0.5660528067829179	1
MXAN_4217	0.617916863923552	0.4324580939909113	0
MXAN_1185	1.78697537974797	0.5930525921304153	1
MXAN_6507	1.30331111101904	0.5266112468486034	1
MXAN_4521	0.338520414993046	0.39407718158096894	0
MXAN_3428	1.76876060954806	0.5905504146607802	1
MXAN_2786	0.183673385777968	0.3728057220187827	0
MXAN_3963	-0.636867154590264	0.2600874153644518	-1
MXAN_0970	-0.292378742991492	0.30741006245758384	-1
MXAN_1955	1.66845297048959	0.5767710745027783	1
MXAN_1966	-0.293428719577467	0.3072658263388606	-1
MXAN_0407	0.776049708527027	0.4541809286264031	0
MXAN_7463	0.870027373526707	0.4670907152133499	1
MXAN_7058	-0.725410374886281	0.2479241627687793	-1
MXAN_0341	0.0377818312209204	0.35276448313318354	0
MXAN_5593	-0.329280231675861	0.30234087560709705	-1
MXAN_3032	-0.722699583784382	0.24829654629849807	-1
MXAN_2226	-0.146702214821328	0.32742176299739373	0
MXAN_1094	-0.653561808626131	0.2577940574613087	-1
MXAN_5928	-0.406421970770518	0.2917438535523211	-1
MXAN_7405	1.66482072924413	0.5762721106339553	1
MXAN_2555	-0.48751339693582	0.2806042598432332	-1
MXAN_6384	-0.440476328623818	0.28706577932858807	-1
MXAN_6442	0.769343285698928	0.45325966198849627	0
MXAN_3511	0.576264556105092	0.4267362833373696	0
MXAN_0202	0.728869924975473	0.4476998042350811	0
MXAN_4930	1.02769620322334	0.48874980775203053	1
MXAN_6060	0.0880563928580038	0.3596707396515729	0
MXAN_4789	-0.909291572429198	0.22266425641082335	-1
MXAN_4791	0.402831994046689	0.4029117143463331	0
MXAN_4790	-0.330993960539429	0.3021054593100797	-1
MXAN_4788	-0.115060792817691	0.3317683703043094	0
MXAN_1124	0.773792004722841	0.45387078605913794	0
MXAN_2833	-0.436960876366803	0.28754869980117925	-1
MXAN_4074	0.408995880439288	0.4037584523225843	0
MXAN_0559	1.24341637124876	0.5183834588085657	1
MXAN_0995	0.0079807170943189	0.34867068038304094	0
MXAN_2430	-0.461366019733504	0.28419614584605574	-1
MXAN_6402	1.47880380537547	0.5507188178519637	1
MXAN_3718	0.787622440295366	0.45577068399389103	0
MXAN_1377	-0.680260297442906	0.25412646481767653	-1
MXAN_4174	0.155630878433813	0.36895350048106773	0
MXAN_0596	0.576753491705444	0.42680344880966914	0
MXAN_2407	0.906252772671874	0.47206702710610293	1
MXAN_3986	-0.444363867122136	0.2865317450730871	-1
MXAN_1060	0.0052847610533096	0.34830033475743577	0
MXAN_3208	-0.497145969230863	0.2792810257257142	-1
MXAN_7226	-0.211272035900242	0.3185517553196231	-1
MXAN_6765	0.673201909156759	0.44005264462603116	0
MXAN_4586	1.26309699796647	0.5210870021539326	1
MXAN_5712	-0.436080826447099	0.2876695929586042	-1
MXAN_5699	0.0205634772076417	0.3503991841476141	0
MXAN_3911	0.473623515008786	0.41263640188553896	0
MXAN_1547	0.629711137853037	0.4340782827812814	0
MXAN_7145	0.69311274529382	0.44278781202243334	0
MXAN_1597	-1.04588613848885	0.20390015222955088	-1
MXAN_6003	1.34171818546962	0.5318872572132752	1
MXAN_4750	1.41750323495107	0.5422979097368301	1
MXAN_7144	-0.316354198628158	0.3041165350476911	-1
MXAN_1790	-1.03026399924918	0.2060461779221066	-1
MXAN_5168	-0.968192074690367	0.2145730475681876	-1
MXAN_0629	1.97089373063247	0.6183176022724547	1
MXAN_6475	-0.374160319791115	0.2961756622069421	-1
MXAN_0622	0.597744964683763	0.42968706414844865	0
MXAN_4102	-0.518221765227236	0.2763858268668776	-1
MXAN_5584	0.0997459732373861	0.3612765466056965	0
MXAN_3908	-0.448295637572287	0.28599163463918253	-1
MXAN_0554	1.04078104941736	0.49054728348084753	1
MXAN_3339	0.672918133809315	0.44001366218084964	0
MXAN_4878	-0.892810183579106	0.22492831790577428	-1
MXAN_0250	0.476322704199791	0.41300719165153055	0
MXAN_6036	1.13964087472736	0.504127736312691	1
MXAN_3050	0.455509521078837	0.4101480681322616	0
MXAN_3538	0.748794253555	0.4504368250990361	0
MXAN_3014	0.437777665279545	0.40771222899792947	0
MXAN_2035	0.886423963336997	0.4693431277967576	1
MXAN_5789	-0.603459285683944	0.26467668088734764	-1
MXAN_2817	0.154704940347451	0.3688263036296914	0
MXAN_3743	0.202728617264062	0.375423354323769	0
MXAN_5021	0.273749209185819	0.3851795095228968	0
MXAN_0040	1.62125153238935	0.5702869754088803	1
MXAN_0968	1.36844705656076	0.5355590234941017	1
MXAN_0912	0.510042875453124	0.4176393583962279	0
MXAN_4100	-0.979035250768801	0.21308351184608015	-1
MXAN_0452	2.97726888166429	0.756564157198792	1
MXAN_2704	-0.100031269940987	0.33383298781574194	0
MXAN_4039	-0.295352742880868	0.30700152172738404	-1
MXAN_2340	1.56234162220811	0.5621944741927817	1
MXAN_3385	-0.750121624063364	0.2445295588150197	-1
MXAN_4222	-0.162323067234286	0.32527591407724693	0
MXAN_4611	0.984250553063398	0.4827816442346893	1
MXAN_2987	0.0902863435100744	0.3599770697462582	0
MXAN_3945	0.0293829584066336	0.35161072329456955	0
MXAN_4267	-1.83086983832375	0.09606631703972147	-1
MXAN_2948	1.52983312279798	0.5577287557728987	1
MXAN_2951	1.69761013832561	0.5807764178388155	1
MXAN_7352	-2.18536021126907	0.04736969256126849	-1
MXAN_4705	0.596252734096055	0.42948207524575677	0
MXAN_5020	0.0496249434015641	0.3543913808729593	0
MXAN_1386	-0.199342415121431	0.3201905368143344	-1
MXAN_0501	0.392402970131162	0.4014790710362437	0
MXAN_4762	0.0895318265015994	0.3598734211446924	0
MXAN_3220	-0.491931365578065	0.2799973599769788	-1
MXAN_3221	-0.255035278205741	0.31253996391664707	-1
MXAN_1425	0.383404935635109	0.40024300388085704	0
MXAN_0395	-0.0835112999735524	0.336102349229468	0
MXAN_5489	-0.556866364576265	0.2710771875179884	-1
MXAN_4767	-1.79919613209599	0.10041735925618242	-1
MXAN_6851	0.984191896514708	0.4827735865379427	1
MXAN_3331	1.00866430120258	0.48613538023425246	1
MXAN_2054	0.443237361961735	0.40846223187357844	0
MXAN_2591	-0.21986724015741	0.31737102527454664	-1
MXAN_4571	-0.126320102964724	0.33022166991422264	0
MXAN_1103	-0.326515237233023	0.3027207050928717	-1
MXAN_4741	0.571771147144169	0.42611902017453634	0
MXAN_4226	-0.109064293449967	0.3325921141918207	0
MXAN_5710	0.744636488516895	0.44986566960883756	0
MXAN_3541	1.17968113961582	0.5096280993467864	1
MXAN_3542	0.795141700411066	0.4568036107364928	0
MXAN_5873	-0.0760034811201754	0.3371337042767645	0
MXAN_4327	-0.694481195779752	0.2521729287024307	-1
MXAN_4345	-0.0997015642495374	0.3338782797488106	0
MXAN_1074	-0.010480575606773	0.34613463792134463	0
MXAN_1296	-0.263314955357739	0.31140257808096494	-1
MXAN_5072	0.0510620332462861	0.35458879504793045	0
MXAN_0136	0.0521338821598323	0.3547360357856885	0
MXAN_4826	1.05613929005221	0.49265705721216513	1
MXAN_5862	0.576834126115926	0.4268145256227703	0
MXAN_1924	-0.642156690235735	0.259360787645756	-1
MXAN_2668	0.584283805178077	0.427837893960704	0
MXAN_3789	0.496856895197389	0.41582798980091523	0
MXAN_4265	-2.1486187634451	0.05241689447147247	-1
MXAN_4264	-2.04191779074829	0.06707449195636578	-1
MXAN_2742	1.05468787945304	0.49245767578376526	1
MXAN_5532	2.43116810699458	0.6815458594364853	1
MXAN_2731	-1.2469195369913	0.17628403438363394	-1
MXAN_5085	0.0940097674234462	0.3604885594506952	0
MXAN_3892	1.17730587060202	0.5093018067531702	1
MXAN_4718	-0.859192371960605	0.22954642342602216	-1
MXAN_3790	0.362399483503049	0.3973574682146097	0
MXAN_3386	0.958337759993433	0.47922198324070625	1
MXAN_1407	-0.0566346819947494	0.3397944116177645	0
MXAN_1123	0.67734964595034	0.44062242252830336	0
MXAN_1746	-0.12616779755258	0.33024259222982627	0
MXAN_0556	1.80529603738864	0.5955693154420061	1
MXAN_1600	-0.0474059489339697	0.3410621700184757	0
MXAN_0531	-0.937943985215259	0.21872825167746024	-1
MXAN_3751	0.0665626340223427	0.356718124905073	0
MXAN_3525	0.851235486074318	0.4645092586877266	1
MXAN_6569	-0.857232797328743	0.22981561175176551	-1
MXAN_0921	-0.244830403621756	0.3139418156547835	-1
MXAN_1910	-1.00771710248417	0.20914346306358347	-1
MXAN_3529	1.16803691983619	0.5080285236143287	1
MXAN_1290	-0.246178708753346	0.313756597906471	-1
MXAN_2524	-0.19616202053468	0.3206274301482705	-1
MXAN_6454	0.253035591517589	0.38233406338905884	0
MXAN_4699	1.04514545324644	0.4911468251061142	1
MXAN_4698	0.199167438913313	0.3749341524213129	0
MXAN_2816	0.905357042323159	0.47194397991567316	1
MXAN_2618	-0.585375808496095	0.267160822531491	-1
MXAN_4783	-1.21194812674071	0.18108808482456817	-1
MXAN_0617	0.527789410842849	0.4200772140775733	0
MXAN_3522	0.294539512071155	0.38803548996600096	0
MXAN_3591	0.166370683319277	0.3704288360201797	0
MXAN_4742	0.121501325544556	0.36426509665543827	0
MXAN_3299	0.535881299066593	0.4211888031988217	0
MXAN_4460	0.27895161209042	0.3858941677476776	0
MXAN_3308	1.97201344695028	0.6184714185936082	1
MXAN_1470	0.102066019623098	0.36159525322297054	0
MXAN_6655	2.24389416670884	0.6558198893095009	1
MXAN_3295	0.739662923251673	0.4491824469925863	0
MXAN_2695	0.415614875182289	0.4046677088949045	0
MXAN_3304	1.02619697482028	0.48854385755387797	1
MXAN_1994	-0.570388692256869	0.2692196146094047	-1
MXAN_3303	0.573721375511949	0.42638692459654914	0
MXAN_3313	1.52152285786203	0.5565871680690068	1
MXAN_3300	1.51995260001248	0.5563714604992961	1
MXAN_5080	1.73333016320789	0.585683306067122	1
MXAN_4773	0.157732577384381	0.3692422125375115	0
MXAN_2072	1.42014526338989	0.5426608472848308	1
MXAN_0358	0.733825467815052	0.4483805510963875	0
MXAN_3296	0.836881674485562	0.4625374641733522	1
MXAN_1462	-1.73086564693416	0.10980397235009966	-1
MXAN_3302	1.56143237591949	0.562069570306937	1
MXAN_6528	1.62258136902264	0.5704696561248922	1
MXAN_3101	0.806949281124825	0.4584256274904023	0
MXAN_3549	0.392222851365913	0.40145432797820246	0
MXAN_3314	1.19962433373167	0.512367711784471	1
MXAN_3310	1.51604499972017	0.5558346703391981	1
MXAN_3100	0.956838521958183	0.4790160317193722	1
MXAN_2675	0.496177016526263	0.41573459432711535	0
MXAN_5201	1.13148580809734	0.5030074683235232	1
MXAN_3842	-0.16637469605932	0.3247193386030543	0
MXAN_4684	0.336622795658215	0.39381650410365543	0
MXAN_1463	-0.543840559626651	0.2728665527041024	-1
MXAN_6805	-0.488838113984289	0.2804222824086599	-1
MXAN_1464	0.41984983211454	0.4052494682969971	0
MXAN_3317	1.72300889808192	0.5842654656676609	1
MXAN_1469	0.859601873463106	0.4656585559776022	1
MXAN_3322	-0.306899867661156	0.3054152840122113	-1
MXAN_3370	-0.40707485676499	0.29165416608398204	-1
MXAN_2298	1.19302456624117	0.5114610964751194	1
MXAN_3725	0.140291472389108	0.3668463140723786	0
MXAN_3323	0.876837474628455	0.4680262242181692	1
MXAN_3075	0.869456602788734	0.4670123079831071	1
MXAN_3306	0.8104626466811	0.4589082613112532	0
MXAN_3327	0.321571257994607	0.3917488624034362	0
MXAN_3316	1.28424043156302	0.5239914924437017	1
MXAN_5802	-0.117253009555432	0.3314672237474475	0
MXAN_6220	-0.317512511875825	0.3039574166355847	-1
MXAN_2976	0.779889533512621	0.4547084084387118	0
MXAN_3595	0.977209802021723	0.4818144506641728	1
MXAN_3069	-0.446102415899877	0.2862929192447191	-1
MXAN_4051	0.688608731837091	0.4421690921115768	0
MXAN_1399	0.36133788680151	0.39721163583136926	0
MXAN_5076	1.811447861345	0.5964143963917972	1
MXAN_3325	0.586063267644754	0.4280823401350622	0
MXAN_3289	0.366738696711073	0.3979535493842264	0
MXAN_3592	0.268620856229829	0.3844750235984531	0
MXAN_3305	1.88076078129181	0.6059359673335151	1
MXAN_3324	0.0508467240630423	0.35455921785418026	0
MXAN_5078	0.161995338560468	0.3698277914306942	0
MXAN_3593	-0.0619099800453405	0.33906973972880133	0
MXAN_3074	0.353064491398355	0.396075112924522	0
MXAN_2630	-0.676715559428457	0.2546134082980591	-1
MXAN_3318	0.967151807833768	0.4804327760028615	1
MXAN_4731	0.976492602219056	0.48171592835684934	1
MXAN_3309	1.78674248251241	0.5930205988519297	1
MXAN_4745	0.480439455265287	0.4135727130196909	0
MXAN_5079	0.977932292179449	0.48191369971177833	1
MXAN_3545	0.134504091335481	0.3660512969339988	0
MXAN_2352	-0.261330745928629	0.3116751505083997	-1
MXAN_5139	-0.804227489667646	0.23709699302339587	-1
MXAN_7512	0.414329417494513	0.4044911245499349	0
MXAN_1993	0.412575445209461	0.40425017998210044	0
MXAN_4360	-0.328788084380002	0.30240848227256273	-1
MXAN_3076	0.67104910013436	0.4397569115383691	0
MXAN_1941	0.52233175926746	0.4193274921398722	0
MXAN_3307	1.61339013574287	0.5692070490989241	1
MXAN_3312	-0.151026321033782	0.326827757087774	0
MXAN_3073	1.7940664137839	0.5940266931158457	1
MXAN_3594	0.779378484961444	0.45463820529276977	0
MXAN_3301	2.84355571002506	0.7381958724607947	1
MXAN_2804	1.53418602433379	0.5583267173189904	1
MXAN_3839	0.634605897836876	0.4347506798533507	0
MXAN_2671	-0.652971407481235	0.25787516133616367	-1
MXAN_1947	0.0102504747317362	0.34898247879496413	0
MXAN_3507	-0.419920269714699	0.28988958149037125	-1
MXAN_1531	0.023503099287095	0.3508030023707222	0
MXAN_1595	-0.632110346528123	0.2607408618713161	-1
MXAN_4027	-1.020047198874	0.20744966791566474	-1
MXAN_2251	2.68303664853469	0.7161452413136521	1
MXAN_2250	2.15680560478479	0.6438564642913605	1
MXAN_2249	2.25221948328232	0.6569635446688117	1
MXAN_4664	0.0152434674032439	0.34966837016946867	0
MXAN_4665	-0.0827323215000163	0.33620935812194486	0
MXAN_5105	2.49512144071064	0.6903311797548923	1
MXAN_1330	-1.57760687533174	0.13085725170080076	-1
MXAN_5609	1.06279953815936	0.4935719807919297	1
MXAN_0056	-0.4865209621256	0.2807405914024546	-1
MXAN_4612	-0.0894659368657778	0.33528435602351153	0
MXAN_1438	-1.21291439762735	0.1809553474243386	-1
MXAN_0607	0.557968221602212	0.42422290131456264	0
MXAN_2730	0.827901106865555	0.4613037964566204	1
MXAN_1082	0.693340442504596	0.44281909096937855	0
MXAN_1081	1.11770262256764	0.5011140611647336	1
MXAN_1084	0.55584894190873	0.4239317741774818	0
MXAN_1080	0.643021011734353	0.43590667074248	0
MXAN_2733	-0.685123089083909	0.25345845926228894	-1
MXAN_2726	0.783395695572405	0.45519005270952034	0
MXAN_1085	0.226644373615921	0.3787086807954255	0
MXAN_2727	0.436247420430503	0.40750201804592323	0
MXAN_2734	-0.301203949236226	0.3061977368565414	-1
MXAN_1083	0.310243365695781	0.3901927408286103	0
MXAN_2729	1.35164459331088	0.5332508557534826	1
MXAN_2728	0.36771867398898	0.3980881696423258	0
MXAN_1086	0.255585122264263	0.3826842944555206	0
MXAN_5630	0.353908098367244	0.3961909998848083	0
MXAN_7165	3.24311346700543	0.7930834393288725	1
MXAN_3720	-0.250817313034205	0.3131193891470557	-1
MXAN_6188	2.04798068634758	0.62890709869081	1
MXAN_4389	3.95337887571205	0.8906531634385771	1
MXAN_4224	-0.570312678880512	0.26923005662737276	-1
MXAN_4227	-0.785083201716195	0.23972685908586008	-1
MXAN_1075	-0.636156694453567	0.2601850118385004	-1
MXAN_2697	0.676043040944158	0.44044293315938465	0
MXAN_0919	-0.216050134760811	0.3178953840788449	-1
MXAN_2978	-0.0668306660436053	0.33839378117950997	0
MXAN_2080	0.117894774174263	0.3637696618251996	0
MXAN_2003	-1.33318960221752	0.1644330469078728	-1
MXAN_1282	0.0783625441687888	0.3583390879470499	0
MXAN_1283	0.0295751319770115	0.35163712233077926	0
MXAN_5018	0.607487775847131	0.43102544186698877	0
MXAN_7225	-0.433078685904633	0.28808199939270096	-1
MXAN_0124	-1.97359291923357	0.07646033389911468	-1
MXAN_4707	-0.563496965640175	0.2701663365761337	-1
MXAN_4459	-1.02949556093579	0.20615173890440097	-1
MXAN_5019	0.576735186107971	0.4268009341551847	0
MXAN_3258	-0.900259825599985	0.22390495465622953	-1
MXAN_3257	0.185442265212842	0.37304871439364473	0
MXAN_3256	-0.255732637152495	0.31244416716348106	-1
MXAN_7060	2.4368096231927	0.6823208390036494	1
MXAN_3336	0.228233552366851	0.3789269875444077	0
MXAN_4388	0.28993348597836	0.38740275649819134	0
MXAN_4386	0.472249206518818	0.412447612035204	0
MXAN_4158	-1.01245128466285	0.20849312469232587	-1
MXAN_5902	1.0898275499542	0.49728484026914754	1
MXAN_1096	1.75813241974815	0.5890904117747449	1
MXAN_4991	1.6323039578116	0.571805255879776	1
MXAN_6806	1.4299214975451	0.5440038163463436	1
MXAN_7496	1.90892009755898	0.6098042350058895	1
MXAN_2369	-0.130494526808005	0.3296482259907074	0
MXAN_6531	-0.488659406109829	0.28044683165151135	-1
MXAN_4350	0.199959662476277	0.37504298080225906	0
MXAN_5603	0.114849946241191	0.36335139139030354	0
MXAN_2914	-0.311221284939384	0.30482164748362484	-1
MXAN_5529	0.155057324540345	0.368874710926541	0
MXAN_1236	-0.165730471872349	0.32480783619200776	0
MXAN_0175	0.268275614317598	0.3844275974423788	0
MXAN_5822	0.734476874728712	0.4484700353822191	0
MXAN_1564	1.86333026486872	0.6035415234289646	1
MXAN_7189	0.407597516408137	0.40356635794342427	0
MXAN_5574	-0.232850369716188	0.31558752244081395	-1
MXAN_2535	-0.859877169909532	0.22945235218711815	-1
MXAN_0644	0.728079882214956	0.4475912754327016	0
MXAN_5137	-0.179719110501815	0.3228862057774945	-1
MXAN_6365	2.6819020914366	0.7159893863027078	1
MXAN_7158	-0.715043554354429	0.2493482611505793	-1
MXAN_5736	-0.371780069047264	0.2965026391447777	-1
MXAN_1197	-0.93686038891604	0.21887710616293155	-1
MXAN_5982	0.216848663388526	0.37736303629038626	0
MXAN_4457	0.274650128353491	0.38530326950551375	0
MXAN_1389	-0.772356905473622	0.24147508052267105	-1
MXAN_5638	-1.49091023619398	0.14276683797406933	-1
MXAN_2700	-0.453976437827805	0.28521125858980884	-1
MXAN_5104	2.24101448868293	0.655424305648705	1
MXAN_6371	0.474829645120382	0.4128020889382748	0
MXAN_4726	0.0450427398744775	0.3537619199299486	0
MXAN_5929	0.245994205041041	0.38136678252834844	0
MXAN_2358	-1.36899564975507	0.15951434167899298	-1
MXAN_2662	0.551112624486606	0.42328114248613397	0
MXAN_2568	-0.123210832123674	0.33064879292264293	0
MXAN_3087	0.9148785618244	0.4732519586225807	1
MXAN_6643	1.13157796743075	0.5030201283244534	1
MXAN_6644	0.102429955305917	0.36164524735717873	0
MXAN_0951	0.0917749332170835	0.36018155849827266	0
MXAN_6534	-0.437070124865699	0.2875336922479942	-1
MXAN_6532	0.738986055608552	0.4490894651460983	0
MXAN_6535	-0.567885800132106	0.2695634388912801	-1
MXAN_3753	0.0763528969591111	0.3580630211114663	0
MXAN_0318	0.578646951832163	0.4270635549332562	0
MXAN_2916	-0.669228816765805	0.2556418680922725	-1
MXAN_3512	1.19487892462781	0.5117158311615719	1
MXAN_3388	0.762238258279756	0.4522836387208802	0
MXAN_6064	0.513711156929102	0.41814327314018207	0
MXAN_3575	0.444231708952227	0.4085988261105247	0
MXAN_1089	-0.552858930207524	0.2716276919645696	-1
MXAN_2679	-1.01360329838362	0.2083348716512397	-1
MXAN_1530	0.246931132281081	0.38149548896850577	0
MXAN_6349	0.0273748023336747	0.35133486129762304	0
MXAN_0255	-1.08080443999865	0.19910339737857946	-1
MXAN_1012	0.0339780627499231	0.35224195643296285	0
MXAN_5106	2.34865573728848	0.6702110695830383	1
MXAN_2338	1.5165140539774	0.5558991046955801	1
MXAN_4763	0.977481055666431	0.4818517129930902	1
MXAN_5058	0.190451763719521	0.37373687318785476	0
MXAN_5057	-0.434077598731657	0.2879447779431588	-1
MXAN_7160	0.840939423782056	0.46309488042157715	1
MXAN_5336	0.394290371561299	0.40173834487186244	0
MXAN_3918	1.47007682277341	0.5495199853108385	1
MXAN_1287	-1.07791795568108	0.19949991602507408	-1
MXAN_3408	-0.33841021950404	0.3010866819175261	-1
MXAN_6895	-0.0346141810010775	0.3428193853534593	0
MXAN_3138	1.42053827036618	0.5427148349657454	1
MXAN_1306	-0.169890579666847	0.3242363588755002	0
MXAN_0045	-0.572509934908111	0.2689282178192551	-1
MXAN_2716	-0.456021857774394	0.28493027762490364	-1
MXAN_4924	0.576166269072707	0.42672278156955745	0
MXAN_6872	-0.268531701281627	0.3106859495442169	-1
MXAN_5494	0.227499733625401	0.37882618228024567	0
MXAN_0549	0.292697253312107	0.3877824174150142	0
MXAN_4549	0.486029745785083	0.4143406556746807	0
MXAN_3242	-0.417255635978489	0.2902556243460537	-1
MXAN_4056	-1.40151092443994	0.15504769253423017	-1
MXAN_5334	0.18703645781867	0.3732677098998621	0
MXAN_3291	0.955953721728267	0.4788944860080552	1
MXAN_7086	0.609713438678733	0.431331182940366	0
MXAN_6683	1.11805100679363	0.5011619189829482	1
MXAN_5701	-0.361545278473054	0.2979086004662853	-1
MXAN_4120	1.17849992524527	0.5094658349892149	1
MXAN_1732	0.312027116426068	0.39043777608515123	0
MXAN_1034	-0.276765467233107	0.3095548705666658	-1
MXAN_5819	0.205145668887957	0.37575538662776614	0
MXAN_3353	-1.02168410584579	0.20722480470302201	-1
MXAN_0477	-0.332376800984961	0.30191549741822304	-1
MXAN_5036	-0.512983886650309	0.2771053584129817	-1
MXAN_3917	3.43512962550583	0.8194608517437686	1
MXAN_0417	2.11100058051711	0.6375641916762909	1
MXAN_6668	1.92041897747021	0.6113838452850279	1
MXAN_1380	-0.413194375326847	0.29081352295192814	-1
MXAN_0814	-0.209704489686465	0.3187670903897709	-1
MXAN_0170	1.83663047114055	0.5998737515286162	1
MXAN_7029	0.293236853698599	0.3878565427492824	0
MXAN_2741	0.767915462691416	0.453063520806323	0
MXAN_0619	0.612161007788339	0.4316674074556476	0
MXAN_5278	-0.0153178156386359	0.3454701424108274	0
MXAN_6548	1.89526514635253	0.6079284434980771	1
MXAN_3664	0.653660705866467	0.43736825398778034	0
MXAN_4154	-0.565202411612869	0.26993205810642373	-1
MXAN_0193	-0.861399707948799	0.22924319992570036	-1
MXAN_2531	1.34615997345872	0.532497429162152	1
MXAN_2623	0.594104242566704	0.4291869352555487	0
MXAN_4255	-0.328889252381675	0.3023945847437081	-1
MXAN_5576	0.732627346328848	0.44821596419489146	0
MXAN_5133	1.06049314751337	0.4932551500744825	1
MXAN_6788	1.31102036625143	0.527670273371499	1
MXAN_1877	2.37126788605078	0.6733173184432818	1
MXAN_3832	-0.0456580348460349	0.34130228236695376	0
MXAN_0884	-0.179971577195813	0.3228515242269384	-1
MXAN_2761	0.44849126836811	0.40918396517536165	0
MXAN_3968	-1.83462041375618	0.09555109750951629	-1
MXAN_4185	-0.76676675758875	0.24224300358378792	-1
MXAN_5378	-0.229439257468327	0.31605610964336	-1
MXAN_7295	-1.0550058381409	0.20264737183491754	-1
MXAN_5379	0.125868081937564	0.3648649614542829	0
MXAN_7294	-0.883722545044171	0.22617669403924945	-1
MXAN_7293	-1.14578317139076	0.19017721736585474	-1
MXAN_4764	0.189645391986008	0.37362610126146745	0
MXAN_0704	0.331058292355057	0.39305210385912526	0
MXAN_5856	-2.53019109353647	0.0	-1
MXAN_0949	-0.538136741806824	0.2736500906945924	-1
MXAN_2570	-0.724447531983409	0.2480564292641522	-1
MXAN_3510	-0.419604620557529	0.2899329424661459	-1
MXAN_6566	0.565363035491546	0.425238732780069	0
MXAN_3834	0.976503363908845	0.4817174066987351	1
MXAN_6159	0.760349407984184	0.45202416585346417	0
MXAN_4146	-0.405378684870238	0.29188717056622887	-1
MXAN_0952	-1.39549947819556	0.1558734896860759	-1
MXAN_7090	2.055064791214	0.6298802478107136	1
MXAN_4967	-0.17274595026269	0.3238441143457058	0
MXAN_5922	0.398439890886693	0.4023083676419476	0
MXAN_4151	-0.460006274707436	0.2843829351017716	-1
MXAN_2325	0.585453440346941	0.4279985676741302	0
MXAN_7251	0.237544895158008	0.3802060941094852	0
MXAN_4545	0.142361096165467	0.36713061993663004	0
MXAN_6439	1.29838684720009	0.5259347968112388	1
MXAN_1100	-0.491092882996493	0.28011254299610366	-1
MXAN_2264	0.225238855801744	0.37851560369540144	0
MXAN_2263	0.600316034760406	0.4300402540897997	0
MXAN_2261	0.215021081804578	0.37711197995461665	0
MXAN_3409	0.358049284383513	0.39675987790159095	0
MXAN_6062	-1.00205172823707	0.20992172002991155	-1
MXAN_2572	-0.346016720150118	0.3000417708738789	-1
MXAN_0861	1.402054021235	0.5401756389609892	1
MXAN_4432	-1.44273185137784	0.14938514101535352	-1
MXAN_2520	-0.275043794601529	0.30979137810541274	-1
MXAN_4640	-0.60878918322343	0.2639445086231688	-1
MXAN_6571	-1.3932183527223	0.15618684970665028	-1
MXAN_4188	-0.166021445475692	0.3247678649166882	0
MXAN_5591	-1.76205295771788	0.10551974666264526	-1
MXAN_1921	-1.09560670655368	0.1970699982488055	-1
MXAN_5715	-1.32084941030037	0.16612822888640902	-1
MXAN_1361	-0.639113671013363	0.2597788096166246	-1
MXAN_2606	-0.844822470036172	0.2315204282826061	-1
MXAN_2621	2.71871300953948	0.7210461314003794	1
MXAN_4049	-0.743391695219749	0.24545405449297367	-1
MXAN_4256	-0.285130153121434	0.3084058070132618	-1
MXAN_4649	-0.976628845776836	0.21341408161378123	-1
MXAN_0639	0.0188018814761094	0.3501571923408733	0
MXAN_0873	-1.52290367121145	0.1383718743594669	-1
MXAN_2723	-0.356649473136667	0.2985811411392655	-1
MXAN_3506	-0.275314354068289	0.30975421113627216	-1
MXAN_4429	-0.114562564316508	0.3318368123497872	0
MXAN_0845	0.525915568359153	0.41981980284521137	0
MXAN_3170	1.8133178206441	0.5966712741880027	1
MXAN_5575	0.031273708746307	0.351870457172555	0
MXAN_5719	-0.596867355854219	0.26558221953100486	-1
MXAN_0831	2.22933648555841	0.6538200890712899	1
MXAN_5602	0.064154053645616	0.35638725630303697	0
MXAN_6762	-0.393605045124907	0.29350452482231026	-1
MXAN_3382	-0.0998184394413754	0.33386222451075015	0
MXAN_5264	0.331365146715676	0.3930942566867027	0
MXAN_3759	-0.70923729139179	0.250145872111818	-1
MXAN_1071	1.42409653369968	0.5432036364299634	1
MXAN_3841	-0.216759459327823	0.31779794359890706	-1
MXAN_0236	-0.0007714671757386	0.34746838586873846	0
MXAN_3840	0.635033116837058	0.43480936726719793	0
MXAN_0001	0.414907322726919	0.4045705118513524	0
MXAN_2801	0.943407523920548	0.47717100483648295	1
MXAN_1434	-1.5369853743803	0.1364374595951588	-1
MXAN_3550	-0.666536322375709	0.2560117381881385	-1
MXAN_7354	0.497945119170352	0.4159774799936094	0
MXAN_1876	2.32120994604488	0.6664408194106599	1
MXAN_5971	-0.502599368164244	0.27853188797682815	-1
MXAN_6922	0.305249950109276	0.38950679135793626	0
MXAN_4873	-0.02492039944958	0.3441510278352207	0
MXAN_2800	-0.0384661651087724	0.34229023523287666	0
MXAN_5203	1.90100468935782	0.6087168890857085	1
MXAN_4901	0.276415465111114	0.3855457752199841	0
MXAN_3002	0.971373957100926	0.4810127760058136	1
MXAN_0264	0.884775415730987	0.46911666550093345	1
MXAN_1933	-0.437430610854707	0.28748417200096854	-1
MXAN_1620	0.443634484041868	0.4085167848495807	0
MXAN_3982	0.968562345509417	0.4806265426852487	1
MXAN_5844	1.10762467397529	0.49972964535101966	1
MXAN_1428	-0.295699129330664	0.3069539383452741	-1
MXAN_4591	-0.03002198224923	0.3434502193484452	0
MXAN_0766	0.530547265218616	0.42045606272665553	0
MXAN_1420	0.745985202316767	0.4500509434962371	0
MXAN_4451	0.183916404122724	0.37283910564208855	0
MXAN_4343	0.0249838111976376	0.3510064089435704	0
MXAN_1293	0.392645958705536	0.4015124505699684	0
MXAN_5075	-1.41304787612332	0.1534628523054709	-1
MXAN_7156	-0.507280700467516	0.2778888096349899	-1
MXAN_5807	-0.203560563084211	0.3196110864737472	-1
MXAN_4818	1.27305360799338	0.5224547495924043	1
MXAN_4821	0.915605353364141	0.4733517985544548	1
MXAN_4819	1.45276064314535	0.5471412479427601	1
MXAN_0770	1.12109498372509	0.501580072515076	1
MXAN_0479	2.12730158740925	0.6398034739582096	1
MXAN_3848	0.285473771403028	0.3867901219599058	0
MXAN_3898	0.470791012949453	0.41224729882479355	0
MXAN_6055	0.141534152936079	0.3670170220874926	0
MXAN_0260	-0.484900833530673	0.2809631497561229	-1
MXAN_5112	-0.543615692787494	0.27289744284064715	-1
MXAN_3042	0.482701977040573	0.413883517435478	0
MXAN_6841	-0.435990579583697	0.2876819902420084	-1
MXAN_0212	2.71140238575167	0.7200418651960807	1
MXAN_3250	1.37803301010179	0.5368758535563032	1
MXAN_4909	0.794554615333515	0.4567229623924464	0
MXAN_4431	0.678652860055421	0.4408014460864409	0
MXAN_6555	1.79700378698043	0.594430202408118	1
MXAN_6492	1.14721454747774	0.5051681377621963	1
MXAN_2701	-0.188774558318775	0.32164225170855065	-1
MXAN_1754	1.28972869710992	0.5247454198470183	1
MXAN_1416	-0.268016389835696	0.31075673828740186	-1
MXAN_6848	0.457374323279699	0.41040423749378047	0
MXAN_6931	2.06488072642152	0.6312286706373588	1
MXAN_2652	0.432924970275061	0.407045610425531	0
MXAN_6469	1.8776084316859	0.605502926560903	1
MXAN_3703	-0.189358041563222	0.3215620981511826	-1
MXAN_5670	1.3113301175718	0.5277128241567416	1
MXAN_2256	0.518805140232623	0.41884303767812997	0
MXAN_3412	-1.29581556084342	0.16956714869719683	-1
MXAN_2582	1.12511295359514	0.5021320242318514	1
MXAN_4341	-0.641511128056294	0.2594494690357992	-1
MXAN_5608	0.246734275376312	0.38146844657892587	0
MXAN_5706	-1.5548602515612	0.1339819734998819	-1
MXAN_1110	0.445933773182102	0.408832640027534	0
MXAN_1588	0.771701032695127	0.4535835475686184	0
MXAN_1057	-0.717095169320785	0.24906642917088145	-1
MXAN_7159	-0.159407321966174	0.32567645232379044	0
MXAN_1341	-0.923799800875286	0.2206712495299405	-1
MXAN_1589	0.442295193642019	0.4083328054621374	0
MXAN_1590	0.471988928776445	0.4124118574747201	0
MXAN_5225	0.367786872323656	0.3980975381018024	0
MXAN_6112	-0.0838275516684632	0.33605890548260464	0
MXAN_6859	-0.186229149304429	0.32199191656936427	-1
MXAN_4587	0.580545716190852	0.4273243897034078	0
MXAN_1400	0.878141235206739	0.46820532284576527	1
MXAN_2318	1.20739932262513	0.5134357681926697	1
MXAN_2002	-1.09563654946083	0.1970658987049145	-1
MXAN_1066	-0.63465805024667	0.2603908817851614	-1
MXAN_6771	-0.639244086242689	0.2597608943728452	-1
MXAN_2689	1.42706903763405	0.5436119716596343	1
MXAN_2411	-0.519663149015407	0.2761878228294796	-1
MXAN_2350	1.3667947949846	0.5353320510072441	1
MXAN_6773	0.0735796445051577	0.35768205721613666	0
MXAN_3777	0.864315545410027	0.4663060768420101	1
MXAN_6499	0.941397263075497	0.47689485370532014	1
MXAN_4888	-0.142224596570803	0.32803685697778034	0
MXAN_5017	1.09073441117035	0.4974094165156899	1
MXAN_2273	0.0509039683774634	0.35456708155118205	0
MXAN_3528	0.84598790043101	0.46378839367419317	1
MXAN_3642	-1.21614428547274	0.1805116551620984	-1
MXAN_3219	1.91806052352792	0.6110598625911589	1
MXAN_6061	-0.633114746951071	0.26060288658635733	-1
MXAN_7358	0.453809234335458	0.409914498389986	0
MXAN_1971	-0.659356724411457	0.25699800527084254	-1
MXAN_4643	0.803907182846282	0.4580077320303199	0
MXAN_6356	1.53138163455497	0.5579414760645784	1
MXAN_3533	-1.94194613806036	0.080807677399417	-1
MXAN_1594	-0.0538486487808373	0.340177131216255	0
MXAN_7320	0.183265279053469	0.3727496600734471	0
MXAN_2349	-0.0770731517765617	0.336986762767925	0
MXAN_3040	0.326042664571589	0.39236310308128775	0
MXAN_3041	0.294919675085179	0.3880877132616033	0
MXAN_4714	0.283505963311411	0.3865198025972474	0
MXAN_6497	1.02078255852762	0.4878000748813529	1
MXAN_1039	3.24317969746166	0.7930925374593216	1
MXAN_6908	0.147279868909252	0.36780631566063177	0
MXAN_6830	-1.26169048137787	0.17425493800505368	-1
MXAN_2403	0.138618262729366	0.3666164639306182	0
MXAN_7443	1.32017516863274	0.52892787585597	1
MXAN_3279	0.433119569462075	0.4070723426706272	0
MXAN_3121	0.774977032715719	0.4540335742970418	0
MXAN_6506	2.35989596198659	0.6717551481898267	1
MXAN_1363	1.21605282272585	0.5146245063841409	1
MXAN_1385	0.141710079906975	0.36704118931540963	0
MXAN_5093	-0.117702856137156	0.3314054279647268	0
MXAN_1183	-0.0194390104276258	0.3449040106048363	0
MXAN_5122	-0.629942397485044	0.2610386747556607	-1
MXAN_2295	-0.575933633952999	0.26845790155839044	-1
MXAN_5481	-0.366257382135732	0.2972612950383312	-1
MXAN_6241	-0.483307556768428	0.2811820194521788	-1
MXAN_6344	1.4618778649179	0.5483936879491157	1
MXAN_1259	-0.126014640043522	0.3302636315986608	0
MXAN_1432	0.0094022532503922	0.3488659579354317	0
MXAN_5601	-0.3360330121085	0.30141324078818366	-1
MXAN_5741	-0.666196943801512	0.25605835889280365	-1
MXAN_6516	1.67642514863357	0.577866218955157	1
MXAN_1246	-0.263856861234898	0.3113281360396101	-1
MXAN_7093	1.34281537322581	0.5320379787680006	1
MXAN_6697	0.444659682172741	0.4086576171322189	0
MXAN_4225	0.0341791672643789	0.3522695823200638	0
MXAN_0616	-0.322572545786923	0.30326231575267587	-1
MXAN_5108	2.24190906711798	0.6555471945998385	1
MXAN_2055	-0.197668122063625	0.3204205357833485	-1
MXAN_6164	0.457427308292306	0.4104115160871043	0
MXAN_1766	-1.02483099984844	0.20679251337096888	-1
MXAN_1250	0.225776769433918	0.37858949731888736	0
MXAN_1801	-0.0772987998620746	0.3369557653109469	0
MXAN_6138	-0.57686875623932	0.268329443066161	-1
MXAN_5943	0.322834368868687	0.3919223769488346	0
MXAN_2207	1.66584028385604	0.5764121676619048	1
MXAN_1056	-0.764907489018617	0.24249841278605225	-1
MXAN_6348	0.511048725340106	0.4177775327952139	0
MXAN_0874	0.598760648158082	0.42982658939514834	0
MXAN_5342	0.468195596886624	0.41189076445595635	0
MXAN_6575	0.0655242632876115	0.3565754830913659	0
MXAN_1192	0.362883482117748	0.39742395548926335	0
MXAN_0618	-0.329836842793874	0.30226441349511013	-1
MXAN_5606	0.717335860512783	0.44611536062612445	0
MXAN_5421	1.72732709818063	0.5848586602497382	1
MXAN_5892	0.137833678009488	0.36650868490362243	0
MXAN_2419	0.440977418034822	0.40815178157887266	0
MXAN_5911	0.859326169980662	0.4656206823709358	1
MXAN_5181	-0.29832374986109	0.3065933921354951	-1
MXAN_3532	0.490054490375552	0.4148935380401885	0
MXAN_3527	1.1298047504773	0.5027765401012146	1
MXAN_3646	-0.3421117226009	0.30057820349308817	-1
MXAN_3499	0.275835193514351	0.3854660628492128	0
MXAN_3326	1.72793899323714	0.5849427167603269	1
MXAN_3078	0.990305830778744	0.4836134625505634	1
MXAN_5204	2.16349308135326	0.644775128266513	1
MXAN_3077	1.76295922766359	0.5897534742171318	1
MXAN_3762	-0.442464661290251	0.2867926404887627	-1
MXAN_2066	1.83733356384066	0.5999703359320412	1
MXAN_4584	0.0130986683763404	0.3493737374212586	0
MXAN_7511	-0.867951277771737	0.22834320556827623	-1
MXAN_6514	0.438654134384385	0.40783263025596855	0
MXAN_3531	-0.198186589103529	0.32034931355370977	-1
MXAN_5751	-0.339182341953498	0.3009806148425298	-1
MXAN_2534	-0.156032174931826	0.32614009895635093	0
MXAN_5198	1.04442915167739	0.4910484261898573	1
MXAN_3519	0.425581450525694	0.40603682527682905	0
MXAN_4724	1.06554991313348	0.4939498019896589	1
MXAN_0939	1.76973720144655	0.5906845698666164	1
MXAN_3401	-0.339884920741588	0.3008841010356078	-1
MXAN_1519	0.83270222964384	0.4619633305112875	1
MXAN_3029	0.352221868461395	0.3959593611414844	0
MXAN_6903	-0.755810038682907	0.24374813677440382	-1
MXAN_1258	-0.0710413763213621	0.33781535255962997	0
MXAN_5891	0.489803778092831	0.414859097494505	0
MXAN_4352	0.919846057804853	0.47393434749635605	1
MXAN_0606	0.296035193432998	0.3882409529042803	0
MXAN_2799	0.0416478189895334	0.3532955569478044	0
MXAN_6779	0.491437858793622	0.41508357246005273	0
MXAN_6624	0.125993089407226	0.3648821338298161	0
MXAN_7377	-0.478790840117348	0.2818024844109469	-1
MXAN_5110	1.83330943856691	0.5994175386425636	1
MXAN_4723	0.827883800755158	0.46130141910247063	1
MXAN_2056	-0.69340459257261	0.2523208225412814	-1
MXAN_2335	1.23981757606962	0.5178890894524747	1
MXAN_2334	0.902022460478416	0.47148590575547256	1
MXAN_0313	-0.1949333966438	0.3207962071893572	-1
MXAN_0289	0.0887681142899559	0.3597685093907539	0
MXAN_4999	0.470780510659409	0.41224585611685716	0
MXAN_3503	-0.484703367990004	0.28099027575450053	-1
MXAN_0969	-0.183914269933738	0.3223099133896752	-1
MXAN_1568	-0.208197232156174	0.3189741435555172	-1
MXAN_1567	-0.0467980659973062	0.34114567538097007	0
MXAN_6063	-0.567147489317981	0.26966486123503824	-1
MXAN_4235	1.5914587675239	0.5661943196033827	1
MXAN_2076	-0.171480731189485	0.3240179184960948	0
MXAN_7400	-0.363859942018834	0.29759063329401403	-1
MXAN_0731	2.55428097305108	0.6984579717655393	1
MXAN_1537	0.282741099583002	0.38641473265853493	0
MXAN_6659	0.0414042844301218	0.3532621024116807	0
MXAN_0926	-0.282206143450034	0.30880748054745816	-1
MXAN_3972	-0.0238345068490796	0.3443001977654254	0
MXAN_7315	1.53744276093091	0.5587740978156102	1
MXAN_0953	0.0153706950505544	0.34968584753257126	0
MXAN_0841	1.12801343594102	0.5025304657986285	1
MXAN_5927	0.0043435313815332	0.3481710372888087	0
MXAN_5562	-0.403471540222787	0.2921491565433131	-1
MXAN_1284	-1.67978223945666	0.1168213406649095	-1
MXAN_4948	0.612870302766404	0.4317648438709282	0
MXAN_0444	1.85414761481062	0.602280095486984	1
MXAN_7357	0.025424519882794	0.35106694944617167	0
MXAN_1954	1.79978458349934	0.5948122026376509	1
MXAN_6777	-0.171271459644331	0.3240466662946985	0
MXAN_0543	0.554097081078086	0.4236911196618187	0
MXAN_5942	0.660274461862756	0.43827679090929805	0
MXAN_6441	1.7376201723514	0.5862726280352616	1
MXAN_1718	0.439204983776415	0.4079083008750745	0
MXAN_0480	2.49437524407802	0.6902286741299754	1
MXAN_3748	1.19163183122019	0.5112697753575637	1
MXAN_5449	-0.64034185124216	0.2596100935217511	-1
MXAN_1956	0.949874302467628	0.47805935134890304	1
MXAN_3268	0.598774762298185	0.42982852826580015	0
MXAN_4511	0.911289734117563	0.4727589585060876	1
MXAN_6110	-1.27003078949502	0.1731092232454653	-1
MXAN_5705	-0.422937445414246	0.28947510966478796	-1
MXAN_0602	-0.237492684457979	0.3149498039724293	-1
MXAN_6913	2.22294899807788	0.6529426348357465	1
MXAN_6912	1.64734632809995	0.5738716382503647	1
MXAN_5539	-0.205168799843478	0.3193901617110018	-1
MXAN_5538	1.43851598391894	0.5451844477752165	1
MXAN_5541	0.513630492306451	0.41813219217681125	0
MXAN_6552	1.76164382914367	0.5895727768762369	1
MXAN_6551	1.37348633559798	0.5362512732634783	1
MXAN_0165	0.0103610809354324	0.34899767285713745	0
MXAN_0164	0.346512483273346	0.3951750583571937	0
MXAN_0166	-0.139903320905798	0.3283557324621286	0
MXAN_0403	0.590879870047438	0.42874400063804485	0
MXAN_0402	0.159319154789542	0.36946016193755643	0
MXAN_7028	0.303746034307985	0.3893001972481606	0
MXAN_0401	0.0901355996470435	0.35995636194189823	0
MXAN_7026	-0.995883973943883	0.21076898934274285	-1
MXAN_6925	-0.464067652085655	0.28382502046107433	-1
MXAN_0404	0.349756082725233	0.39562063419372406	0
MXAN_6921	-0.705766476508423	0.25062266071288847	-1
MXAN_6923	-0.051648363720756	0.34047938612497397	0
MXAN_3868	1.43788197743694	0.5450973538005215	1
MXAN_3869	2.08196002467262	0.6335748674222784	1
MXAN_6087	1.24616894024112	0.5187615814003256	1
MXAN_6086	1.14995046238301	0.5055439725687665	1
MXAN_3867	1.22739884209705	0.5161831180893164	1
MXAN_6088	1.04774423682952	0.49150382207388665	1
MXAN_2564	0.0835768638830986	0.3590553831934585	0
MXAN_2588	0.236853175853156	0.3801110720784128	0
MXAN_3267	-1.23471412111405	0.17796070207037384	-1
MXAN_4212	0.175410431124104	0.3716706333659696	0
MXAN_7413	-0.783399021906244	0.23995821620587987	-1
MXAN_7412	-0.226349909279632	0.31648049586118054	-1
MXAN_6316	0.709558160545957	0.4450469317956212	0
MXAN_7517	0.921863897679562	0.47421153976485103	1
MXAN_6307	-1.40247598027181	0.15491512204704075	-1
MXAN_0978	2.18411665253908	0.6476082046434429	1
MXAN_7465	3.30336276543491	0.8013599333739255	1
MXAN_0615	-0.140260233822683	0.32830670305086235	0
MXAN_2180	0.637684981804042	0.43517365606689606	0
MXAN_2154	-0.297569934818614	0.3066969443074333	-1
MXAN_4593	-0.477124720376031	0.28203136060497425	-1
MXAN_6417	0.103146793345237	0.3617437199687834	0
MXAN_0478	0.680087666888121	0.44099854664223476	0
MXAN_6868	0.839179665290936	0.46285314099801306	1
MXAN_0155	0.317720870170043	0.3912199315655369	0
MXAN_6731	1.37659152048273	0.5366778349808318	1
MXAN_1257	0.636813755154563	0.4350539749691196	0
MXAN_5318	-0.34461609049591	0.3002341764834802	-1
MXAN_7205	2.45696485657406	0.6850895794438843	1
MXAN_4087	1.37518441373668	0.5364845396079725	1
MXAN_5682	0.220162413534158	0.3778182487835112	0
MXAN_1570	0.0716985872165188	0.3574236548802813	0
MXAN_5155	-1.24756669300614	0.17619513404715428	-1
MXAN_5001	-0.100908642786581	0.3337124624101167	0
MXAN_2983	-0.218486799479555	0.31756065750840884	-1
MXAN_1156	0.835600811004851	0.4623615109382611	1
MXAN_5604			0
MXAN_4576			0
MXAN_4010			0
MXAN_5917			0
MXAN_2329			0
MXAN_6266			0
MXAN_3422			0
MXAN_3423			0
MXAN_6430			0
MXAN_4112			0
MXAN_6393			0
MXAN_6397			0
MXAN_1784			0
MXAN_3524			0
MXAN_6989			0
MXAN_0385			0
MXAN_0456			0
MXAN_6554			0
MXAN_3962			0
MXAN_6169			0
MXAN_5358			0
MXAN_2339			0
MXAN_5282			0
MXAN_5127			0
MXAN_6800			0
MXAN_3523			0
MXAN_2287			0
MXAN_2106			0
MXAN_6523			0
MXAN_5344			0
MXAN_3315			0
MXAN_3311			0
MXAN_6526			0
MXAN_1638			0
MXAN_1639			0
MXAN_7138			0
MXAN_6297			0
MXAN_5377			0
MXAN_6864			0
MXAN_6204			0
MXAN_5384			0
MXAN_1840			0
MXAN_0334			0
MXAN_6362			0
MXAN_2108			0
MXAN_1704			0
MXAN_2389			0
MXAN_3162			0
MXAN_7166			0
MXAN_5580			0
MXAN_6416			0
MXAN_4820			0
MXAN_3526			0
MXAN_0378			0
MXAN_6505			0
MXAN_1496			0
MXAN_6576			0
MXAN_5801			0
MXAN_1499			0
MXAN_5559			0
MXAN_5540			0
MXAN_2834			0
MXAN_0181			0
