reaction_id	flux_value	classification	y_f	y_r
rxn02201_c	0.0	low	1.0	0.0
rxn00351_c	1.0848498	high	1.0	0.0
rxn07431_c	1.0	high	1.0	0.0
rxn00836_c	-1.0	high	0.0	1.0
rxn01094_c	0.0	low	1.0	0.0
rxn00423_c	0.0	low	1.0	0.0
rxn10298_c	0.0	low	1.0	0.0
rxn00364_c	7.3302704	moderate		
rxn05561_c	0.0	moderate		
rxn03408_c	1.7011581			
rxn02177_c	0.0	low	1.0	0.0
rxn05250_c	0.0	low	1.0	0.0
rxn00646_c	1.0848498	high	1.0	0.0
rxn05440_c	0.0	moderate		
rxn01673_c	-1000.0	high	0.0	1.0
rxn02360_c	0.0	low	1.0	0.0
rxn02342_c	1000.0	high	1.0	0.0
rxn05156_c	11.711461	moderate		
rxn01452_c	0.0	low	1.0	0.0
rxn00642_c	0.0	moderate		
rxn02000_c	0.0	low	1.0	0.0
rxn03239_c	141.65828	high	1.0	0.0
rxn05457_c	-51.514729	high	0.0	1.0
rxn00107_c	0.0	high	0.0	0.0
rxn12008_c	0.0	high	0.0	0.0
rxn04070_c	0.0	moderate		
rxn00199_c	1.0	high	1.0	0.0
rxn01358_c	1000.0	moderate		
rxn03433_c	0.0	moderate		
rxn10231_c	0.0	moderate		
rxn12637_c	0.0	high	0.0	0.0
rxn09240_c	0.0	low	1.0	0.0
rxn00172_c	-1000.0			
rxn01219_c	0.0	moderate		
rxn02168_c	-133.15249	moderate		
rxn00800_c	8.6686191	moderate		
rxn08333_c	0.16969963	moderate		
rxn08172_c	0.0	low	1.0	0.0
rxn01705_c	-1000.0	moderate		
rxn09177_c	0.0	moderate		
rxn00211_c	0.0	high	0.0	0.0
rxn00179_c	0.0	moderate		
rxn02945_c	0.0	low	1.0	0.0
rxn01210_c	0.0	moderate		
rxn00192_c	1.0	low	0.0	0.0
rxn01218_c	0.0	low	1.0	0.0
rxn02898_c	0.16969963	moderate		
rxn05654_c	0.0	moderate		
rxn12549_c	0.0	moderate		
rxn00545_c	0.0	moderate		
rxn08807_c	0.0	high	0.0	0.0
rxn05614_c	0.0	low	1.0	0.0
rxn02316_c	0.0	moderate		
rxn00501_c	0.0	low	1.0	0.0
rxn10336_c	1.3153219			
rxn02320_c	0.0	low	1.0	0.0
rxn03384_c	0.0	moderate		
rxn02504_c	0.25454945	moderate		
rxn00262_c	294.1035	moderate		
rxn03173_c	0.0	moderate		
rxn03039_c	0.0	low	1.0	0.0
rxn10262_c	0.0	moderate		
rxn10126_c	0.0	low	1.0	0.0
rxn10209_c	0.0	moderate		
rxn08084_c	0.0	low	1.0	0.0
rxn10225_c	0.0	moderate		
rxn01486_c	0.0	low	1.0	0.0
rxn05444_c	0.0	moderate		
rxn05334_c	0.0	low	1.0	0.0
rxn10205_c	0.0	moderate		
rxn05040_c	0.33939927	moderate		
rxn01843_c	0.0	low	1.0	0.0
rxn00816_c	0.0	low	1.0	0.0
rxn02988_c	-0.16969963	high	0.0	0.0
rxn04792_c	-1000.0	high	0.0	1.0
rxn00165_c	-1000.0	moderate		
rxn10228_c	0.0	moderate		
rxn01117_c	-3.4023162	low	0.0	0.0
rxn00001_c	0.0	low	1.0	0.0
rxn08895_c	0.0	low	1.0	0.0
rxn00671_c	0.0	low	1.0	0.0
rxn11268_c	-1.0	high	0.0	1.0
rxn00710_c	9.1090658	low	0.0	0.0
rxn02305_c	0.084849817	moderate		
rxn02885_c	0.0	moderate		
rxn08817_c	0.0	high	0.0	0.0
rxn00910_c	-50.981529	high	0.0	1.0
rxn00953_c	0.0	moderate		
rxn01129_c	-0.33333333	moderate		
rxn08296_c	0.0	low	1.0	0.0
rxn00717_c	0.0	low	1.0	0.0
rxn05647_c	0.0	high	0.0	0.0
rxn01297_c	1.5090989	moderate		
rxn10254_c	0.0	low	1.0	0.0
rxn01682_c	0.0	low	1.0	0.0
rxn08796_c	43.008938	high	1.0	0.0
rxn01806_c	0.0			
rxn08941_c	1.0	high	1.0	0.0
rxn03181_c	1.7011581	low	0.0	0.0
rxn09360_c	0.0	moderate		
rxn02331_c	-3.4023162	high	0.0	1.0
rxn06493_c	5.7165844	high	1.0	0.0
rxn12846_c	0.0	high	0.0	0.0
rxn00337_c	62.558679	low	0.0	0.0
rxn08308_c	0.0	moderate		
rxn01930_c	0.0	moderate		
rxn00208_c	0.0	low	1.0	0.0
rxn08823_c	0.0	high	0.0	0.0
rxn05031_c	0.0	low	1.0	0.0
rxn05434_c	0.0	moderate		
rxn05346_c	0.0	low	1.0	0.0
rxn00867_c	0.0	moderate		
rxn03248_c	-133.15249	high	0.0	1.0
rxn08127_c	1.0	moderate		
rxn05386_c	0.0	low	1.0	0.0
rxn05516_c	0.0	low	1.0	0.0
rxn05733_c	0.0	moderate		
rxn00416_c	10.279064	low	0.0	0.0
rxn09206_c	0.0	moderate		
rxn01729_c	0.0	low	1.0	0.0
rxn01134_c	0.0	low	1.0	0.0
rxn02376_c	-276.90748	high	0.0	1.0
rxn08017_c	0.0	low	1.0	0.0
rxn09209_c	0.0	moderate		
rxn12512_c	0.16969963	moderate		
rxn08669_c	0.0	low	1.0	0.0
rxn06672_c	0.0	moderate		
rxn00649_c	0.0	moderate		
rxn01739_c	18.010302			
rxn02400_c	0.0	low	1.0	0.0
rxn01268_c	0.0	low	1.0	0.0
rxn00641_c	0.0	high	0.0	0.0
rxn00361_c	0.0	low	1.0	0.0
rxn02679_c	332.16755	high	1.0	0.0
rxn07434_c	0.0	high	0.0	0.0
rxn01974_c	1.7011581	moderate		
rxn01640_c	0.0	low	1.0	0.0
rxn00242_c	0.0	low	1.0	0.0
rxn12641_c	0.0	high	0.0	0.0
rxn08971_c	1.0	high	1.0	0.0
rxn08275_c	0.0	moderate		
rxn01635_c	0.0	low	1.0	0.0
rxn03057_c	0.0	low	1.0	0.0
rxn00060_c	0.084849817	moderate		
rxn05350_c	0.0	low	1.0	0.0
rxn09198_c	0.0	high	0.0	0.0
rxn08838_c	0.0	high	0.0	0.0
rxn00148_c	-1000.0	moderate		
rxn01102_c	0.0	moderate		
rxn05569_c	0.0	high	0.0	0.0
rxn00100_c	0.16969963	low	0.0	0.0
rxn00514_c	0.0	moderate		
rxn00789_c	0.0	low	1.0	0.0
rxn05390_c	0.0	low	1.0	0.0
rxn05560_c	1.0	high	1.0	0.0
rxn05437_c	0.0	moderate		
rxn08976_c	276.82263	high	1.0	0.0
rxn00781_c	-95.359778	high	0.0	1.0
rxn05319_c	0.0	low	1.0	0.0
rxn00881_c	0.0	low	1.0	0.0
rxn05298_c	-242.1556	moderate		
rxn06578_c	0.0	low	1.0	0.0
rxn01355_c	0.0	moderate		
rxn10337_c	0.0			
rxn00292_c	0.0	low	1.0	0.0
rxn08336_c	0.0	low	1.0	0.0
rxn05401_c	0.0	high	0.0	0.0
rxn02264_c	0.084849817	moderate		
rxn10338_c	0.0			
rxn09202_c	1.3153219	high	1.0	0.0
rxn01451_c	133.15249	high	1.0	0.0
rxn03903_c	0.0	moderate		
rxn00097_c	1000.0	high	1.0	0.0
rxn01217_c	0.0	low	1.0	0.0
rxn02212_c	18.010302	low	0.0	0.0
rxn00695_c	878.40546	moderate		
rxn00250_c	0.0	low	1.0	0.0
rxn05324_c	0.0	moderate		
rxn10481_c	0.084849817	low	0.0	0.0
rxn03535_c	0.0	moderate		
rxn00692_c	-45.434644	high	0.0	1.0
rxn01492_c	1.0	moderate		
rxn00802_c	12.626611	moderate		
rxn08440_c	-43.008938	moderate		
rxn02160_c	0.0	low	1.0	0.0
rxn08802_c	0.0	high	0.0	0.0
rxn02315_c	0.0	moderate		
rxn01825_c	1.0	moderate		
rxn10230_c	0.0	moderate		
rxn02720_c	134.15249	high	1.0	0.0
rxn00913_c	0.0	low	1.0	0.0
rxn01997_c	0.0	moderate		
rxn08809_c	0.0	high	0.0	0.0
rxn00460_c	0.0	moderate		
rxn00171_c	0.0	low	1.0	0.0
rxn05578_c	0.0	moderate		
rxn00178_c	-113.40335	high	0.0	1.0
rxn03264_c	0.0	high	0.0	0.0
rxn01362_c	-9.1090658	moderate		
rxn05329_c	0.0	low	1.0	0.0
rxn03174_c	0.0	low	1.0	0.0
rxn03918_c	0.0	low	1.0	0.0
rxn05161_c	19.213418	low	0.0	0.0
rxn00549_c	36.301518	high	1.0	0.0
rxn03951_c	0.0	low	1.0	0.0
rxn01022_c	0.0	low	1.0	0.0
rxn05418_c	0.0	high	0.0	0.0
rxn00506_c	0.0	low	1.0	0.0
rxn10060_c	-999.91515	moderate		
rxn02933_c	0.0	high	0.0	0.0
rxn00727_c	0.0	low	1.0	0.0
rxn10307_c	0.0	moderate		
rxn05617_c	0.0	high	0.0	0.0
rxn03852_c	0.0	moderate		
rxn01354_c	1000.0	moderate		
rxn02268_c	0.0	high	0.0	0.0
rxn00305_c	-1000.0	high	0.0	1.0
rxn01445_c	0.0	low	1.0	0.0
rxn05248_c	0.0	low	1.0	0.0
rxn00612_c	-1000.0	moderate		
rxn08766_c	0.0	low	1.0	0.0
rxn05539_c	0.0	moderate		
rxn08841_c	0.0	high	0.0	0.0
rxn05461_c	10.522575	high	1.0	0.0
rxn02159_c	0.0	low	1.0	0.0
rxn10222_c	0.0	moderate		
rxn00269_c	0.0	low	1.0	0.0
rxn10263_c	0.0	moderate		
rxn02791_c	0.0	moderate		
rxn05466_c	0.0	low	1.0	0.0
rxn08814_c	0.0	high	0.0	0.0
rxn00917_c	7.2923241	moderate		
rxn08845_c	0.0	high	0.0	0.0
rxn00395_c	0.0	moderate		
rxn01438_c	0.0	moderate		
rxn00300_c	0.16969963	moderate		
rxn01925_c	-1.0	low	0.0	0.0
rxn02798_c	0.0	low	1.0	0.0
rxn00999_c	0.0	high	0.0	0.0
rxn08799_c	1.0	high	1.0	0.0
rxn00433_c	0.0			
rxn05957_c	5.2367829	moderate		
rxn05335_c	-51.514729	low	0.0	0.0
rxn03419_c	0.0	low	1.0	0.0
rxn08551_c	0.0	moderate		
rxn10256_c	0.0	low	1.0	0.0
rxn00679_c	0.0	low	1.0	0.0
rxn01516_c	-1000.0	moderate		
rxn00758_c	0.0	low	1.0	0.0
rxn10314_c	0.0	moderate		
rxn09111_c	0.0	moderate		
rxn06078_c	0.0	moderate		
rxn00471_c	0.0	low	1.0	0.0
rxn05607_c	0.0	high	0.0	0.0
rxn05595_c	1000.0	moderate		
rxn05348_c	0.0	low	1.0	0.0
rxn05435_c	0.0	moderate		
rxn03245_c	-133.15249	low	0.0	0.0
rxn01504_c	0.0	low	1.0	0.0
rxn00907_c	0.0	low	1.0	0.0
rxn05458_c	-10.522575	high	0.0	1.0
rxn08300_c	0.0	low	1.0	0.0
rxn02404_c	3.4023162	high	1.0	0.0
rxn01644_c	1.7011581	moderate		
rxn08297_c	0.0	low	1.0	0.0
rxn02911_c	-133.15249	low	0.0	0.0
rxn05450_c	0.0	moderate		
rxn12847_c	0.0	high	0.0	0.0
rxn05410_c	0.0	high	0.0	0.0
rxn05443_c	0.0	moderate		
rxn09114_c	0.0	moderate		
rxn09188_c	-9.4357709	low	0.0	0.0
rxn08822_c	-5.2612875	high	0.0	1.0
rxn05030_c	1.7011581	moderate		
rxn10208_c	0.0	moderate		
rxn01620_c	0.0	low	1.0	0.0
rxn05345_c	-44.710096	low	0.0	0.0
rxn00336_c	0.0	low	1.0	0.0
rxn05422_c	0.0	high	0.0	0.0
rxn03891_c	0.0	high	0.0	0.0
rxn01465_c	-9.1090658	high	0.0	1.0
rxn10204_c	-989.47743	moderate		
rxn01833_c	0.0	low	1.0	0.0
rxn05145_c	38.051079	low	0.0	0.0
rxn01872_c	276.90748	high	1.0	0.0
rxn01301_c	0.0	low	1.0	0.0
rxn01643_c	-62.558679	high	0.0	1.0
rxn00248_c	-240.90586	high	0.0	1.0
rxn08844_c	0.0	high	0.0	0.0
rxn05385_c	0.0	high	0.0	0.0
rxn00707_c	1.0	moderate		
rxn00369_c	1000.0	moderate		
rxn01637_c	-1.0	high	0.0	1.0
rxn00566_c	1.0	high	1.0	0.0
rxn00708_c	0.0	low	1.0	0.0
rxn07433_c	0.0	high	0.0	0.0
rxn01269_c	7.2614052	low	0.0	0.0
rxn00392_c	0.084849817	moderate		
rxn00747_c	42.363149	high	1.0	0.0
rxn01334_c	1.0	high	1.0	0.0
rxn00830_c	1.9557076	high	1.0	0.0
rxn01108_c	0.0	low	1.0	0.0
rxn05219_c	0.0	low	1.0	0.0
rxn03406_c	0.0	high	0.0	0.0
rxn00029_c	0.33939927	low	0.0	0.0
rxn00609_c	0.0	high	0.0	0.0
rxn06673_c	0.0	moderate		
rxn12646_c	0.0	high	0.0	0.0
rxn06777_c	90.143549	high	1.0	0.0
rxn05256_c	0.0	low	1.0	0.0
rxn05448_c	0.0	moderate		
rxn05446_c	0.0	moderate		
rxn02175_c	0.16969963	low	0.0	0.0
rxn02835_c	0.0	low	1.0	0.0
rxn02774_c	0.084849817			
rxn01675_c	0.0	high	0.0	0.0
rxn08839_c	0.0	high	0.0	0.0
rxn01575_c	982.35056	high	1.0	0.0
rxn01454_c	0.0	low	1.0	0.0
rxn05150_c	0.0	low	1.0	0.0
rxn10335_c	0.0			
rxn05398_c	0.0	low	1.0	0.0
rxn01315_c	0.0			
rxn03240_c	-141.65828	low	0.0	0.0
rxn09562_c	1.0	high	1.0	0.0
rxn01501_c	-20.749135	high	0.0	1.0
rxn00555_c	6.8046324	moderate		
rxn03080_c	0.33939927	moderate		
rxn10237_c	0.0	high	0.0	0.0
rxn10011_c	-199.01506	high	0.0	1.0
rxn12644_c	0.0	high	0.0	0.0
rxn00147_c	0.0			
rxn00737_c	0.0	low	1.0	0.0
rxn08843_c	0.0	high	0.0	0.0
rxn01256_c	15.170131	low	0.0	0.0
rxn00213_c	1.22741	high	1.0	0.0
rxn01629_c	-0.67879853	moderate		
rxn00777_c	-22.30035	low	0.0	0.0
rxn05164_c	4.0569256	moderate		
rxn01740_c	-18.010302			
rxn00190_c	1.0	high	1.0	0.0
rxn05327_c	0.0	moderate		
rxn01444_c	0.33333333	moderate		
rxn05655_c	0.0	high	0.0	0.0
rxn02314_c	1000.0	moderate		
rxn08801_c	-989.47743	high	0.0	1.0
rxn02275_c	0.0	low	1.0	0.0
rxn00251_c	630.7818	moderate		
rxn00139_c	0.0	low	1.0	0.0
rxn00790_c	-13.536694	moderate		
rxn07976_c	0.0	low	1.0	0.0
rxn00237_c	-1000.0	high	0.0	1.0
rxn00463_c	-1000.0	moderate		
rxn01489_c	0.0	low	1.0	0.0
rxn10342_c	0.0			
rxn08311_c	5.2612875	moderate		
rxn03175_c	0.0	low	1.0	0.0
rxn10264_c	0.0	moderate		
rxn03421_c	0.0	low	1.0	0.0
rxn10227_c	0.0	moderate		
rxn01146_c	-1.3333333	high	0.0	1.0
rxn05336_c	0.0	high	0.0	0.0
rxn09210_c	1.3153219	moderate		
rxn00285_c	-686.68393	high	0.0	1.0
rxn00182_c	1000.0	moderate		
rxn05567_c	0.0	high	0.0	0.0
rxn01642_c	0.0	moderate		
rxn00132_c	0.0	low	1.0	0.0
rxn01045_c	-0.83030037	moderate		
rxn08893_c	0.0	low	1.0	0.0
rxn06864_c	0.0	moderate		
rxn00712_c	981.85889	moderate		
rxn08615_c	878.40546	moderate		
rxn08815_c	0.0	high	0.0	0.0
rxn00126_c	1.927282	high	1.0	0.0
rxn01518_c	0.0	moderate		
rxn12844_c	0.0	high	0.0	0.0
rxn08798_c	0.0	high	0.0	0.0
rxn08119_c	0.0	low	1.0	0.0
rxn08306_c	0.0	moderate		
rxn08821_c	0.0	high	0.0	0.0
rxn00206_c	0.0	high	0.0	0.0
rxn05381_c	0.0	low	1.0	0.0
rxn01871_c	-1000.0	moderate		
rxn05340_c	0.0	high	0.0	0.0
rxn02143_c	0.0	high	0.0	0.0
rxn00405_c	0.0	high	0.0	0.0
rxn04704_c	0.0	low	1.0	0.0
rxn00299_c	0.25454945	low	0.0	0.0
rxn08546_c	43.008938	low	0.0	0.0
rxn00756_c	0.0	moderate		
rxn05389_c	0.0	high	0.0	0.0
rxn05735_c	0.0	low	1.0	0.0
rxn02484_c	0.0	low	1.0	0.0
rxn01133_c	0.0	low	1.0	0.0
rxn12639_c	0.0	high	0.0	0.0
rxn03159_c	1.7011581	low	0.0	0.0
rxn00875_c	-944.84228	high	0.0	1.0
rxn01000_c	7.9087258	low	0.0	0.0
rxn00647_c	0.0	low	1.0	0.0
rxn03397_c	0.084849817	high	0.0	0.0
rxn08120_c	0.0	low	1.0	0.0
rxn00363_c	0.0	low	1.0	0.0
rxn08128_c	1.0	moderate		
rxn05188_c	0.0	low	1.0	0.0
rxn01670_c	0.0	low	1.0	0.0
rxn01706_c	997.66667	moderate		
rxn03055_c	0.0	moderate		
rxn09359_c	0.0	low	1.0	0.0
rxn11703_c	0.16969963	moderate		
rxn01300_c	10.803274	low	0.0	0.0
rxn00601_c	0.0	high	0.0	0.0
rxn00411_c	0.0	moderate		
rxn00321_c	0.0	moderate		
rxn00786_c	-35.301518	high	0.0	1.0
rxn09197_c	0.0	high	0.0	0.0
rxn00740_c	0.0	low	1.0	0.0
rxn01100_c	95.359778	high	1.0	0.0
rxn00838_c	8.6686191	high	1.0	0.0
rxn00102_c	0.0	low	1.0	0.0
rxn00831_c	0.0	low	1.0	0.0
rxn12634_c	0.0	high	0.0	0.0
rxn00883_c	0.0	low	1.0	0.0
rxn01255_c	18.010302	low	0.0	0.0
rxn10014_c	90.143549	high	1.0	0.0
rxn05406_c	0.0	low	1.0	0.0
rxn10299_c	0.0	low	1.0	0.0
OF_PROTEIN	28.857039	low	0.0	0.0
rxn00776_c	0.0	high	0.0	0.0
rxn05251_c	0.0	low	1.0	0.0
rxn03126_c	0.0	moderate		
rxn05485_c	0.0	high	0.0	0.0
rxn00214_c	0.0	low	1.0	0.0
rxn01211_c	0.0	low	1.0	0.0
rxn00527_c	-6.2614052	low	0.0	0.0
rxn05322_c	0.0	moderate		
rxn05193_c	0.0	low	1.0	0.0
rxn12848_c	0.0	low	1.0	0.0
rxn05151_c	14.609491	moderate		
rxn00792_c	0.0	moderate		
rxn08804_c	0.0	high	0.0	0.0
rxn08442_c	0.0	moderate		
rxn05430_c	0.0	high	0.0	0.0
rxn01917_c	1.0	moderate		
rxn10236_c	0.0	high	0.0	0.0
rxn08527_c	0.0	low	1.0	0.0
rxn05501_c	0.0	high	0.0	0.0
rxn03253_c	-866.84751	high	0.0	1.0
rxn01509_c	1.0	high	1.0	0.0
rxn02011_c	1.7011581	high	1.0	0.0
rxn01548_c	0.0	moderate		
rxn08528_c	276.90748	low	0.0	0.0
rxn01145_c	0.0	low	1.0	0.0
rxn09176_c	0.0	low	1.0	0.0
rxn09205_c	0.0	moderate		
rxn03269_c	0.0	low	1.0	0.0
rxn03916_c	0.0	low	1.0	0.0
rxn05364_c	0.0	high	0.0	0.0
rxn09201_c	0.0	high	0.0	0.0
rxn01669_c	1.8303004	low	0.0	0.0
rxn00508_c	0.0	low	1.0	0.0
rxn10122_c	0.0	low	1.0	0.0
rxn00187_c	86.65316	high	1.0	0.0
rxn00728_c	0.0	moderate		
rxn08850_c	0.0	high	0.0	0.0
rxn00500_c	0.0	low	1.0	0.0
rxn05734_c	0.0	low	1.0	0.0
rxn00772_c	0.0	moderate		
rxn08812_c	0.0	high	0.0	0.0
rxn00006_c	-1.0	high	0.0	1.0
rxn02503_c	0.0	low	1.0	0.0
rxn05338_c	0.0	high	0.0	0.0
rxn03135_c	0.0	low	1.0	0.0
rxn08310_c	0.0	moderate		
rxn00915_c	0.33333333	high	0.0	0.0
rxn01967_c	0.0	low	1.0	0.0
rxn01515_c	1000.0	moderate		
rxn01927_c	0.0	low	1.0	0.0
rxn10224_c	0.0	moderate		
rxn05337_c	0.0	high	0.0	0.0
rxn00994_c	944.84228	high	1.0	0.0
rxn01653_c	1.0	high	1.0	0.0
rxn00474_c	0.0	low	1.0	0.0
rxn03147_c	13.451844	moderate		
rxn08073_c	0.0	low	1.0	0.0
rxn03843_c	1.7011581	moderate		
rxn05376_c	0.0	high	0.0	0.0
rxn01802_c	0.0	low	1.0	0.0
rxn02317_c	-1000.0	moderate		
rxn01116_c	-24.042065			
rxn02811_c	0.0	low	1.0	0.0
rxn03062_c	0.0	low	1.0	0.0
rxn10258_c	0.0	low	1.0	0.0
rxn00829_c	20.749135	moderate		
rxn08847_c	0.0	high	0.0	0.0
rxn05608_c	0.0	low	1.0	0.0
rxn01544_c	-1.5090989	moderate		
rxn00863_c	0.0	low	1.0	0.0
rxn09113_c	3.9459656	moderate		
rxn00711_c	0.0	low	1.0	0.0
rxn08299_c	0.0	low	1.0	0.0
rxn08711_c	0.0	low	1.0	0.0
rxn01138_c	-998.15757	moderate		
rxn02402_c	-0.16969963	moderate		
rxn01607_c	20.749135	moderate		
rxn05465_c	-34.187521	low	0.0	0.0
rxn12845_c	0.0	high	0.0	0.0
rxn08820_c	0.0	high	0.0	0.0
rxn05148_c	0.084849817	moderate		
rxn05380_c	0.0	high	0.0	0.0
rxn05347_c	0.0	low	1.0	0.0
rxn06077_c	43.428174	high	1.0	0.0
rxn08126_c	-2.0	moderate		
rxn02344_c	0.0	high	0.0	0.0
rxn03407_c	0.0	high	0.0	0.0
rxn08547_c	0.0	moderate		
rxn05732_c	-1.0	high	0.0	1.0
rxn01303_c	50.054247	low	0.0	0.0
rxn00113_c	1.0	high	1.0	0.0
rxn05023_c	0.0	low	1.0	0.0
rxn00297_c	0.0	low	1.0	0.0
rxn00137_c	0.084849817	low	0.0	0.0
rxn00745_c	-569.06238	moderate		
rxn06023_c	0.084849817	low	0.0	0.0
rxn00611_c	992.10807	moderate		
rxn07435_c	0.0	high	0.0	0.0
rxn01678_c	-1.0	high	0.0	1.0
rxn02286_c	1.7011581	moderate		
rxn00872_c	133.15249	high	1.0	0.0
rxn00832_c	-13.451844	high	0.0	1.0
rxn00360_c	0.0	low	1.0	0.0
rxn01106_c	-841.05249	moderate		
rxn10193_c	0.0	low	1.0	0.0
rxn12640_c	0.0	high	0.0	0.0
rxn00690_c	27.073388	low	0.0	0.0
rxn00066_c	253.26321	high	1.0	0.0
rxn10012_c	1000.0	high	1.0	0.0
rxn09450_c	0.0	low	1.0	0.0
rxn00938_c	0.0	low	1.0	0.0
rxn04938_c	1000.0	high	1.0	0.0
rxn05115_c	13.451844	low	0.0	0.0
rxn00412_c	1.0	high	1.0	0.0
rxn01573_c	-982.35056	moderate		
rxn00650_c	1.0	high	1.0	0.0
rxn03167_c	0.25454945	high	0.0	0.0
rxn00640_c	0.0	high	0.0	0.0
rxn01103_c	0.0	low	1.0	0.0
rxn00515_c	1.0	high	1.0	0.0
rxn08846_c	0.0	high	0.0	0.0
rxn05397_c	0.0	high	0.0	0.0
rxn03005_c	0.0	low	1.0	0.0
rxn05012_c	0.0	moderate		
rxn01353_c	1.0	high	1.0	0.0
rxn10235_c	0.0	high	0.0	0.0
rxn12633_c	0.0	high	0.0	0.0
rxn00882_c	0.0	low	1.0	0.0
rxn03244_c	133.15249	high	1.0	0.0
rxn00552_c	0.0	low	1.0	0.0
rxn06723_c	-3.4023162	moderate		
rxn00313_c	0.0	moderate		
rxn02949_c	0.0	low	1.0	0.0
rxn00735_c	0.0	low	1.0	0.0
rxn00775_c	2.1757656	moderate		
rxn02680_c	-133.15249	high	0.0	1.0
rxn05405_c	0.0	high	0.0	0.0
rxn00804_c	1000.0	moderate		
rxn00196_c	0.0			
rxn00547_c	0.0	moderate		
rxn04750_c	0.0	high	0.0	0.0
rxn05619_c	0.0	low	1.0	0.0
rxn08020_c	0.0	low	1.0	0.0
rxn05325_c	0.0	moderate		
rxn11040_c	1.0	high	1.0	0.0
rxn05610_c	0.0	low	1.0	0.0
rxn08441_c	0.0	moderate		
rxn08803_c	0.0	high	0.0	0.0
rxn07879_c	0.0	moderate		
rxn02312_c	0.0	moderate		
rxn02895_c	13.536694	moderate		
rxn07295_c	0.0	low	1.0	0.0
rxn02934_c	0.0	low	1.0	0.0
rxn08089_c	0.0	low	1.0	0.0
rxn00189_c	1.0	high	1.0	0.0
rxn01508_c	-0.66666667	moderate		
rxn02508_c	2.415922	moderate		
rxn05442_c	0.0	moderate		
rxn00543_c	0.0	low	1.0	0.0
rxn01996_c	0.0	low	1.0	0.0
rxn10340_c	0.0			
rxn00420_c	-936.41227	low	0.0	0.0
rxn10253_c	0.0	low	1.0	0.0
rxn10207_c	0.0	moderate		
rxn10221_c	0.0	moderate		
rxn02792_c	0.0	moderate		
rxn14334_c	1.7011581	moderate		
rxn07979_c	0.0	low	1.0	0.0
rxn00993_c	-1.0	moderate		
rxn00469_c	1.0	moderate		
rxn02804_c	-141.65828	high	0.0	1.0
rxn05005_c	0.084849817	low	0.0	0.0
rxn10203_c	0.0	moderate		
rxn00048_c	0.16969963	high	0.0	0.0
rxn05231_c	1.0	high	1.0	0.0
rxn09200_c	0.0	high	0.0	0.0
rxn00283_c	-590.75478	moderate		
rxn05373_c	0.0	low	1.0	0.0
rxn00726_c	2.415922	low	0.0	0.0
rxn00184_c	-796.26209	moderate		
rxn00379_c	0.0	low	1.0	0.0
rxn01025_c	1.3333333	low	0.0	0.0
rxn08851_c	0.0	high	0.0	0.0
rxn05330_c	0.0	low	1.0	0.0
rxn02155_c	2.0	low	0.0	0.0
rxn02866_c	0.0	moderate		
rxn00304_c	0.0	moderate		
rxn08552_c	0.0	moderate		
rxn05170_c	0.0	low	1.0	0.0
rxn02475_c	0.16969963	moderate		
rxn05339_c	0.0	high	0.0	0.0
rxn05460_c	10.522575	low	0.0	0.0
rxn05484_c	0.0	low	1.0	0.0
rxn03108_c	0.084849817			
rxn10313_c	0.0	moderate		
rxn00675_c	0.0	moderate		
rxn01018_c	9.1090658	low	0.0	0.0
rxn00714_c	0.0	low	1.0	0.0
rxn08813_c	0.0	high	0.0	0.0
rxn05683_c	0.0	low	1.0	0.0
rxn00634_c	0.0	low	1.0	0.0
rxn00947_c	0.0	low	1.0	0.0
rxn03247_c	-133.15249	low	0.0	0.0
rxn10210_c	0.0	moderate		
rxn00278_c	567.23563	moderate		
rxn01476_c	2.0	low	0.0	0.0
rxn00205_c	1.0	high	1.0	0.0
rxn03146_c	3.4023162	high	1.0	0.0
rxn02789_c	0.0	low	1.0	0.0
rxn01370_c	0.0	moderate		
rxn00988_c	0.0	low	1.0	0.0
rxn00410_c	4.7255124	high	1.0	0.0
rxn01333_c	-4.0158816	high	0.0	1.0
rxn10257_c	0.0	low	1.0	0.0
rxn06586_c	0.0	low	1.0	0.0
rxn12510_c	0.16969963	high	0.0	0.0
rxn03933_c	0.0			
rxn05342_c	44.710096	high	1.0	0.0
rxn05072_c	0.0	high	0.0	0.0
rxn00307_c	0.0	high	0.0	0.0
rxn00414_c	20.735677	high	1.0	0.0
rxn08123_c	0.0	low	1.0	0.0
rxn09110_c	0.0	moderate		
rxn05349_c	0.0	low	1.0	0.0
rxn00303_c	0.0	high	0.0	0.0
rxn00799_c	241.16041			
rxn07439_c	0.0	low	1.0	0.0
rxn01073_c	0.0	low	1.0	0.0
rxn02405_c	3.4023162	moderate		
rxn00011_c	-1000.0	high	0.0	1.0
rxn07430_c	1.0	high	1.0	0.0
rxn02200_c	0.25454945	low	0.0	0.0
rxn00602_c	0.0	low	1.0	0.0
rxn01069_c	10.803274	moderate		
rxn05528_c	0.0	low	1.0	0.0
rxn00791_c	-2.415922	moderate		
rxn03150_c	0.084849817	low	0.0	0.0
rxn05108_c	0.0	low	1.0	0.0
rxn00065_c	0.0	low	1.0	0.0
rxn00365_c	-1000.0	moderate		
rxn08783_c	0.0	low	1.0	0.0
rxn01827_c	1.0	high	1.0	0.0
rxn05181_c	0.0	low	1.0	0.0
rxn01007_c	0.0	high	0.0	0.0
rxn05312_c	-1.0	high	0.0	1.0
rxn08975_c	335.69453	high	1.0	0.0
rxn01646_c	0.0	moderate		
rxn00105_c	0.0	low	1.0	0.0
rxn08981_c	0.0	moderate		
rxn03243_c	-133.15249	high	0.0	1.0
rxn03446_c	0.0	moderate		
rxn01302_c	-60.857521	low	0.0	0.0
rxn00784_c	0.0	moderate		
rxn05029_c	0.084849817	moderate		
rxn00368_c	-1000.0	moderate		
rxn05393_c	0.0	high	0.0	0.0
rxn00510_c	0.0	moderate		
rxn02285_c	-1.7011581	moderate		
rxn02303_c	0.0	moderate		
rxn05315_c	-0.084849817	low	0.0	0.0
rxn00227_c	0.0	low	1.0	0.0
rxn03047_c	0.0	high	0.0	0.0
rxn02889_c	0.0	moderate		
rxn01109_c	0.0	low	1.0	0.0
rxn08848_c	0.0	high	0.0	0.0
OF_DNA	0.64519752	low	0.0	0.0
rxn08840_c	0.0	high	0.0	0.0
rxn02946_c	0.0	low	1.0	0.0
rxn00290_c	-963.59141	high	0.0	1.0
rxn01987_c	0.0	moderate		
rxn02834_c	0.0	low	1.0	0.0
rxn07466_c	295.37739			
rxn00459_c	841.05249	high	1.0	0.0
rxn02085_c	0.0	moderate		
rxn02304_c	0.0	low	1.0	0.0
rxn00770_c	27.491997	low	0.0	0.0
rxn10334_c	0.0			
rxn05153_c	0.0	low	1.0	0.0
rxn08806_c	0.0	high	0.0	0.0
rxn05436_c	0.0	moderate		
rxn05195_c	0.25454945	high	0.0	0.0
rxn00076_c	1.8303004	moderate		
rxn14040_c	1.7011581	moderate		
rxn05209_c	242.1556	moderate		
rxn06377_c	5.7165844	high	1.0	0.0
rxn10234_c	0.0	high	0.0	0.0
rxn08444_c	1000.0	moderate		
rxn00175_c	1000.0	moderate		
rxn01366_c	-1.0	high	0.0	1.0
rxn05579_c	0.0	low	1.0	0.0
rxn01143_c	1.3333333	moderate		
rxn01647_c	0.0	moderate		
rxn00260_c	-421.41585	high	0.0	1.0
rxn02803_c	0.0	low	1.0	0.0
rxn05504_c	0.0	low	1.0	0.0
rxn01751_c	0.0	low	1.0	0.0
rxn00461_c	1.7011581	moderate		
rxn05613_c	0.0	low	1.0	0.0
rxn02989_c	0.0	low	1.0	0.0
rxn05247_c	0.0	low	1.0	0.0
rxn10303_c	0.0	low	1.0	0.0
rxn00858_c	0.0	moderate		
rxn03136_c	13.451844	moderate		
rxn10229_c	0.0	moderate		
rxn00621_c	0.0	low	1.0	0.0
rxn05287_c	0.0	high	0.0	0.0
rxn01387_c	1.0	high	1.0	0.0
rxn02937_c	13.536694	moderate		
rxn08810_c	0.0	high	0.0	0.0
rxn01652_c	1.0	high	1.0	0.0
rxn00350_c	1.0	moderate		
rxn03137_c	13.451844	high	1.0	0.0
rxn01115_c	1.0	high	1.0	0.0
rxn05462_c	10.522575	low	0.0	0.0
rxn08818_c	0.0	high	0.0	0.0
rxn00992_c	0.0	low	1.0	0.0
rxn01128_c	1000.0	moderate		
rxn05239_c	0.0	low	1.0	0.0
rxn08312_c	0.0	moderate		
rxn00952_c	50.054247	moderate		
rxn01961_c	0.0	low	1.0	0.0
rxn01517_c	0.0	low	1.0	0.0
rxn00371_c	0.0	moderate		
rxn10226_c	0.0	moderate		
rxn09978_c	0.0	low	1.0	0.0
rxn08040_c	0.0	moderate		
rxn09211_c	0.0	moderate		
rxn03141_c	0.0	high	0.0	0.0
rxn05006_c	0.084849817	low	0.0	0.0
rxn05331_c	0.0	low	1.0	0.0
rxn01800_c	0.0	low	1.0	0.0
rxn00533_c	-34.187521	high	0.0	1.0
rxn08309_c	0.0	moderate		
rxn02476_c	18.010302	low	0.0	0.0
rxn01512_c	-999.91515	high	0.0	1.0
rxn03841_c	0.25454945	low	0.0	0.0
rxn04954_c	-1.0	high	0.0	1.0
rxn06865_c	-1.7011581	low	0.0	0.0
rxn01279_c	0.0	low	1.0	0.0
rxn05517_c	0.0	low	1.0	0.0
rxn03249_c	133.15249	high	1.0	0.0
rxn00676_c	0.0	high	0.0	0.0
rxn00713_c	-15.797309	moderate		
rxn05603_c	0.0	moderate		
rxn01257_c	0.25454945	low	0.0	0.0
rxn09272_c	0.0	low	1.0	0.0
rxn00943_c	-152.18085	moderate		
rxn00903_c	1.0	high	1.0	0.0
rxn00980_c	0.0	low	1.0	0.0
rxn00016_c	0.0	moderate		
rxn01648_c	1.3333333	high	1.0	0.0
rxn02213_c	18.010302	moderate		
rxn05441_c	0.0	moderate		
rxn03892_c	0.0	high	0.0	0.0
rxn00086_c	-1.0	high	0.0	1.0
rxn04989_c	0.0			
rxn08668_c	0.0	low	1.0	0.0
rxn01127_c	-0.66666667	high	0.0	0.0
rxn05226_c	0.0	moderate		
rxn08548_c	0.0	moderate		
rxn00615_c	1.3153219	moderate		
rxn05445_c	0.0	moderate		
rxn05341_c	0.0	high	0.0	0.0
rxn00298_c	0.0	low	1.0	0.0
rxn08124_c	0.0	low	1.0	0.0
rxn05449_c	0.0	moderate		
rxn10206_c	0.0	moderate		
rxn00083_c	0.0	low	1.0	0.0
rxn07438_c	0.0	high	0.0	0.0
rxn00743_c	0.0	moderate		
rxn10202_c	0.0	moderate		
rxn03236_c	0.0	low	1.0	0.0
rxn01265_c	-0.084849817	moderate		
rxn00874_c	-133.15249	high	0.0	1.0
rxn00834_c	5.7832252	high	1.0	0.0
rxn00704_c	-1.22741	moderate		
rxn01459_c	0.0	low	1.0	0.0
rxn05252_c	0.0	low	1.0	0.0
rxn02322_c	20.749135	moderate		
rxn00241_c	0.0	low	1.0	0.0
rxn12642_c	0.0	high	0.0	0.0
rxn08130_c	0.084849817	high	0.0	0.0
rxn10339_c	0.0			
rxn10010_c	1.0	high	1.0	0.0
rxn11702_c	0.16969963	moderate		
rxn01332_c	18.010302	low	0.0	0.0
rxn01510_c	-1000.0	moderate		
rxn00785_c	21.026184	high	1.0	0.0
rxn00693_c	51.896679	moderate		
rxn01351_c	0.66666667	moderate		
rxn03909_c	0.084849817	moderate		
rxn01101_c	-936.41227	high	0.0	1.0
rxn03084_c	13.536694	high	1.0	0.0
rxn10233_c	0.0	high	0.0	0.0
rxn06600_c	5.7165844	high	1.0	0.0
rxn03439_c	1.7011581	moderate		
rxn00216_c	0.0	low	1.0	0.0
rxn02005_c	-1.22741	high	0.0	1.0
rxn08808_c	0.0	high	0.0	0.0
rxn00558_c	-4.4548199	moderate		
rxn12635_c	0.0	high	0.0	0.0
rxn00346_c	0.16969963	high	0.0	0.0
rxn05297_c	0.0	low	1.0	0.0
rxn01859_c	998.15757	moderate		
rxn00806_c	-1000.0	high	0.0	1.0
rxn05328_c	0.0	moderate		
rxn05024_c	0.0	moderate		
rxn05361_c	0.0	low	1.0	0.0
rxn01851_c	0.0	low	1.0	0.0
rxn09449_c	0.0	low	1.0	0.0
rxn05323_c	51.514729	moderate		
rxn05616_c	-0.084849817	moderate		
rxn10306_c	0.0	low	1.0	0.0
rxn08805_c	0.0	high	0.0	0.0
rxn01507_c	0.0	low	1.0	0.0
rxn01790_c	-0.16969963	low	0.0	0.0
rxn05651_c	0.084849817	low	0.0	0.0
rxn00077_c	1000.0	moderate		
rxn01388_c	-1.0	high	0.0	1.0
rxn03638_c	6.8046324	high	1.0	0.0
rxn05438_c	0.0	moderate		
rxn01406_c	0.0	low	1.0	0.0
rxn01446_c	-0.33333333	moderate		
rxn10309_c	0.0	moderate		
rxn05249_c	0.0	low	1.0	0.0
rxn01816_c	0.0	low	1.0	0.0
rxn02056_c	-0.084849817			
rxn02277_c	0.0	low	1.0	0.0
rxn10223_c	0.0	moderate		
rxn00742_c	0.0	high	0.0	0.0
rxn00991_c	-20.749135	moderate		
rxn10260_c	0.0	moderate		
rxn03242_c	133.15249	high	1.0	0.0
rxn00541_c	0.0	low	1.0	0.0
rxn01368_c	0.0	low	1.0	0.0
rxn00851_c	0.0	low	1.0	0.0
rxn00301_c	-1000.0	moderate		
rxn09199_c	0.0	high	0.0	0.0
rxn05233_c	0.0	high	0.0	0.0
rxn09109_c	0.0	moderate		
rxn00141_c	1.8424322	low	0.0	0.0
rxn02003_c	0.0	low	1.0	0.0
rxn01200_c	3.0158816	high	1.0	0.0
rxn00377_c	0.0	moderate		
rxn01241_c	724.09252	high	1.0	0.0
rxn05332_c	0.0	low	1.0	0.0
rxn00438_c	0.084849817	low	0.0	0.0
rxn00288_c	0.0	low	1.0	0.0
rxn00763_c	0.0	low	1.0	0.0
rxn08550_c	0.0	moderate		
rxn05176_c	0.0	low	1.0	0.0
rxn08811_c	0.0	high	0.0	0.0
rxn02473_c	0.0	low	1.0	0.0
rxn01275_c	0.0	low	1.0	0.0
rxn10315_c	0.0	moderate		
rxn01434_c	12.626611	high	1.0	0.0
rxn00912_c	0.16969963	high	0.0	0.0
rxn08819_c	0.0	high	0.0	0.0
rxn02345_c	-133.15249	high	0.0	1.0
rxn08898_c	0.0	low	1.0	0.0
rxn00122_c	0.084849817	moderate		
rxn09979_c	0.0	low	1.0	0.0
rxn06076_c	-0.33333333	high	0.0	0.0
rxn08890_c	0.0	low	1.0	0.0
rxn08294_c	0.0	low	1.0	0.0
rxn05179_c	12.375902	low	0.0	0.0
rxn10259_c	0.0	moderate		
rxn01602_c	0.0	low	1.0	0.0
rxn02302_c	0.0	low	1.0	0.0
rxn05223_c	0.0	low	1.0	0.0
rxn02927_c	0.0	moderate		
rxn05433_c	0.0	moderate		
rxn05344_c	0.0	low	1.0	0.0
rxn03241_c	-90.143549	low	0.0	0.0
rxn01521_c	1.0	low	0.0	0.0
rxn12636_c	0.0	high	0.0	0.0
rxn02276_c	1.0	moderate		
rxn05414_c	0.0	high	0.0	0.0
rxn00338_c	0.16969963	moderate		
rxn01649_c	0.0	moderate		
rxn00085_c	0.0	low	1.0	0.0
rxn00119_c	-986.48862	high	0.0	1.0
rxn00709_c	34.271751	moderate		
rxn07432_c	0.0	high	0.0	0.0
rxn00063_c	0.0	moderate		
rxn01285_c	0.0	moderate		
rxn08549_c	1.0	moderate		
rxn05447_c	0.0	moderate		
rxn01466_c	1.9557076	moderate		
rxn03409_c	0.0	high	0.0	0.0
rxn01674_c	-0.33333333	moderate		
rxn00974_c	1.0	high	1.0	0.0
rxn04601_c	0.0	low	1.0	0.0
rxn00605_c	1.22741	high	1.0	0.0
rxn04142_c	0.0	low	1.0	0.0
rxn00744_c	569.06238	moderate		
rxn02008_c	1.7011581	high	1.0	0.0
rxn05740_c	878.40546	high	1.0	0.0
rxn09203_c	0.0	high	0.0	0.0
rxn03904_c	1.7011581	moderate		
rxn01225_c	0.0	low	1.0	0.0
rxn01679_c	-998.66667	moderate		
rxn01171_c	0.0	moderate		
rxn02288_c	0.0	moderate		
rxn10199_c	1.7011581	low	0.0	0.0
rxn00409_c	6.996937	high	1.0	0.0
rxn02831_c	0.16969963	low	0.0	0.0
rxn08015_c	0.0	low	1.0	0.0
rxn01258_c	0.16969963	high	0.0	0.0
rxn08842_c	0.0	high	0.0	0.0
OF_RNA	10.137524	low	0.0	0.0
rxn00840_c	-1000.0	moderate		
rxn02128_c	0.0	high	0.0	0.0
rxn03041_c	0.0	moderate		
rxn02518_c	0.0	moderate		
rxn03901_c	1.7011581	high	1.0	0.0
rxn01985_c	-997.4909	moderate		
rxn10013_c	-1.0	high	0.0	1.0
rxn02832_c	-0.16969963	low	0.0	0.0
rxn10052_c	70.867715	high	1.0	0.0
rxn00946_c	142.65828	high	1.0	0.0
rxn00193_c	1.7011581	low	0.0	0.0
rxn02517_c	0.0	high	0.0	0.0
rxn05326_c	0.0	moderate		
rxn05114_c	13.451844	low	0.0	0.0
rxn00653_c	0.0	low	1.0	0.0
rxn05507_c	0.0	low	1.0	0.0
rxn03164_c	1.7011581	high	1.0	0.0
rxn03251_c	134.15249	high	1.0	0.0
rxn08800_c	0.0	high	0.0	0.0
rxn02166_c	0.0	moderate		
rxn01662_c	0.0	moderate		
rxn00342_c	0.0	low	1.0	0.0
rxn00256_c	-1.0	high	0.0	1.0
rxn08335_c	9.1090658	low	0.0	0.0
rxn03004_c	13.536694	low	0.0	0.0
rxn10232_c	0.0	high	0.0	0.0
rxn00138_c	1.0	high	1.0	0.0
rxn08942_c	1.0	high	1.0	0.0
rxn06729_c	3.4023162	low	0.0	0.0
rxn07977_c	0.0	low	1.0	0.0
rxn05168_c	18.197948	low	0.0	0.0
rxn00347_c	0.0	low	1.0	0.0
rxn02167_c	0.0	low	1.0	0.0
rxn05368_c	0.0	high	0.0	0.0
rxn01858_c	-997.4909	moderate		
rxn10770_c	0.0	low	1.0	0.0
rxn05360_c	0.0	high	0.0	0.0
rxn02297_c	0.0	low	1.0	0.0
rxn01799_c	1.0	high	1.0	0.0
rxn00504_c	-9.4357709	moderate		
rxn08021_c	0.0	low	1.0	0.0
rxn08396_c	0.0	moderate		
rxn01485_c	-6.8046324	high	0.0	1.0
rxn05206_c	-999.8303	moderate		
rxn03031_c	0.0	high	0.0	0.0
rxn09207_c	0.0	moderate		
rxn09296_c	42.094841	moderate		
rxn00239_c	-993.95616	high	0.0	1.0
rxn00441_c	-276.90748	high	0.0	1.0
rxn00302_c	0.0	low	1.0	0.0
rxn00467_c	0.0	low	1.0	0.0
rxn03250_c	-133.15249	low	0.0	0.0
rxn02465_c	-1.0	moderate		
rxn03130_c	1.7011581	moderate		
rxn01791_c	0.16969963	moderate		
rxn01710_c	0.0	low	1.0	0.0
rxn00183_c	0.0	moderate		
rxn00623_c	0.0	low	1.0	0.0
rxn10300_c	0.0	low	1.0	0.0
rxn08100_c	0.0	low	1.0	0.0
rxn10308_c	0.0	moderate		
rxn06526_c	0.0	high	0.0	0.0
rxn01757_c	0.0	low	1.0	0.0
rxn01329_c	0.0	moderate		
rxn00950_c	0.0	low	1.0	0.0
rxn02507_c	2.415922	moderate		
rxn10341_c	0.0			
rxn08131_c	0.084849817	high	0.0	0.0
rxn10220_c	0.0	moderate		
rxn05464_c	10.522575	moderate		
rxn10261_c	0.0	moderate		
rxn00990_c	1.0	high	1.0	0.0
rxn08076_c	0.0	low	1.0	0.0
rxn14333_c	1.7011581	moderate		
rxn01964_c	2.415922	low	0.0	0.0
rxn08816_c	0.0	high	0.0	0.0
rxn02341_c	0.16969963	moderate		
rxn01519_c	0.0	low	1.0	0.0
rxn01137_c	1000.0	moderate		
rxn03182_c	1.7011581	moderate		
rxn01343_c	1.0	moderate		
rxn10255_c	0.0	low	1.0	0.0
rxn08797_c	0.0	high	0.0	0.0
rxn00478_c	0.0	moderate		
rxn09108_c	0.0	moderate		
rxn00224_c	0.0	moderate		
rxn01513_c	0.0	low	1.0	0.0
rxn05372_c	0.0	high	0.0	0.0
rxn05333_c	0.0	low	1.0	0.0
rxn06510_c	-90.143549	high	0.0	1.0
rxn04016_c	0.0	low	1.0	0.0
rxn08307_c	0.0	moderate		
rxn05426_c	0.0	high	0.0	0.0
rxn00209_c	0.084849817	low	0.0	0.0
rxn01274_c	0.0	low	1.0	0.0
rxn02474_c	-0.16969963	moderate		
rxn03246_c	133.15249	high	1.0	0.0
rxn02144_c	0.0	low	1.0	0.0
rxn00604_c	2.0	high	1.0	0.0
rxn12645_c	0.0	high	0.0	0.0
rxn00274_c	0.0	low	1.0	0.0
rxn10312_c	0.0	moderate		
rxn02929_c	-1.7011581	moderate		
rxn00104_c	70.782865	low	0.0	0.0
rxn00715_c	1000.0	moderate		
rxn01019_c	12.626611	moderate		
rxn06335_c	0.0	low	1.0	0.0
rxn08849_c	0.0	high	0.0	0.0
rxn09448_c	0.0	low	1.0	0.0
rxn09208_c	0.0	moderate		
rxn02666_c	0.0	low	1.0	0.0
rxn05439_c	0.0	moderate		
rxn09014_c	-0.33333333	moderate		
rxn00014_c	0.0	low	1.0	0.0
rxn00202_c	0.0	low	1.0	0.0
rxn08295_c	0.0	low	1.0	0.0
rxn05638_c	0.0	low	1.0	0.0
rxn02914_c	936.41227	high	1.0	0.0
rxn01603_c	0.25454945	moderate		
rxn04945_c	0.0	low	1.0	0.0
rxn00686_c	0.74545055	low	0.0	0.0
rxn09112_c	0.0	moderate		
rxn06075_c	0.0	high	0.0	0.0
rxn00689_c	0.0	moderate		
rxn08129_c	0.0	moderate		
rxn01286_c	0.0	low	1.0	0.0
rxn05289_c	0.0	moderate		
rxn01973_c	0.0	moderate		
rxn00117_c	-1000.0	high	0.0	1.0
rxn05343_c	0.0	low	1.0	0.0
rxn01520_c	-1.0	moderate		
rxn00330_c	-0.25454945	low	0.0	0.0
rxn05736_c	0.0	low	1.0	0.0
rxn03445_c	0.0	high	0.0	0.0
rxn11663_c	0.0	low	1.0	0.0
rxn00493_c	-7.9087258	low	0.0	0.0
rxn08298_c	0.0	low	1.0	0.0
rxn01834_c	0.0	low	1.0	0.0
rxn00293_c	6.8046324	high	1.0	0.0
rxn00948_c	0.0	high	0.0	0.0
rxn00367_c	0.0	moderate		
rxn14011_c	1.7011581	moderate		
rxn00839_c	1.0	high	1.0	0.0
rxn21857_c	0.0	high	0.0	0.0
rxn14159_c	0.0	low	1.0	0.0
rxn45996_c	0.0	moderate		
rxn27289_c	0.0	moderate		
rxn10504_c	0.0	moderate		
rxn42230_c	0.0	moderate		
rxn26361_c	0.0	low	1.0	0.0
rxn47768_c	0.0	low	1.0	0.0
rxn21861_c	0.0	high	0.0	0.0
rxn25839_c	0.0			
rxn23042_c	0.0	moderate		
rxn00154_c	-1000.0	moderate		
rxn01084_c	0.0	moderate		
rxn16503_c	0.0	high	0.0	0.0
rxn15395_c	-5.2367829	moderate		
rxn15972_c	0.0	moderate		
rxn15249_c	0.0	low	1.0	0.0
rxn05121_c	0.0	moderate		
rxn14427_c	-357.71056			
rxn14419_c	0.0	low	1.0	0.0
rxn14426_c	0.0	low	1.0	0.0
rxn18486_c	0.0	low	1.0	0.0
rxn08070_c	0.0	low	1.0	0.0
rxn08098_c	297.07855	moderate		
rxn09295_c	0.0	low	1.0	0.0
rxn08762_c	0.0	low	1.0	0.0
rxn08192_c	0.0	low	1.0	0.0
rxn08173_c	0.0	low	1.0	0.0
rxn08869_c	0.0	low	1.0	0.0
rxn08734_c	11.56757	high	1.0	0.0
rxn09003_c	1.0848498			
rxn14418_c	0.0	low	1.0	0.0
rxn14425_c	0.0	low	1.0	0.0
rxn14420_c	0.0	low	1.0	0.0
rxn09001_c	356.62571			
rxn14415_c	357.71056	low	0.0	0.0
rxn23043_c	0.0	moderate		
rxn41896_c	0.0	moderate		
rxn21729_c	0.0	low	1.0	0.0
rxn23045_c	0.0	low	1.0	0.0
rxn21862_c	0.0	low	1.0	0.0
rxn39452_c	1000.0	moderate		
rxn16823_c	0.0	low	1.0	0.0
rxn16583_c	0.0	low	1.0	0.0
rxn44539_c	0.0	low	1.0	0.0
rxn10506_c	0.0	moderate		
rxn21864_c	0.0	low	1.0	0.0
rxn39451_c	-1000.0	moderate		
rxn21858_c	0.0	low	1.0	0.0
rxn40439_c	0.0	moderate		
rxn24830_c	0.0	moderate		
rxn26021_c	0.0	low	1.0	0.0
rxn41683_c	0.0	low	1.0	0.0
rxn07436_c	0.0	moderate		
rxn15167_c	5.2367829	moderate		
rxn28338_c	0.0	low	1.0	0.0
rxn13741_c	0.0	low	1.0	0.0
rxn20627_c	0.0	low	1.0	0.0
rxn22316_c	0.0	low	1.0	0.0
rxn09037_c	0.25454945	high	0.0	0.0
rxn16593_c	0.0	moderate		
rxn16565_c	0.0	moderate		
rxn16592_c	0.0	moderate		
rxn16594_c	0.0	moderate		
rxn09193_c	0.0	low	1.0	0.0
rxn08241_c	-0.084849817	moderate		
rxn08234_c	0.084849817	low	0.0	0.0
rxn02497_c	0.0	moderate		
rxn23336_c	0.0	moderate		
rxn23850_c	0.0	low	1.0	0.0
rxn40368_c	0.0	moderate		
rxn15230_c	0.0	low	1.0	0.0
rxn20583_c	0.0	moderate		
rxn16596_c	0.0	low	1.0	0.0
rxn27318_c	0.0	moderate		
rxn15964_c	0.0	low	1.0	0.0
rxn16824_c	0.0	moderate		
rxn39964_c	0.0	low	1.0	0.0
rxn16806_c	0.0	moderate		
rxn14061_c	1.7011581	moderate		
rxn13957_c	1.7011581	moderate		
rxn09304_c	0.0	low	1.0	0.0
rxn08722_c	0.0	low	1.0	0.0
rxn21863_c	0.0	moderate		
rxn40037_c	0.0	low	1.0	0.0
rxn21859_c	0.0	moderate		
rxn20643_c	0.0	high	0.0	0.0
rxn17731_c	0.0	high	0.0	0.0
rxn16149_c	0.0	low	1.0	0.0
rxn05120_c	0.0	low	1.0	0.0
rxn40041_c	0.0			
rxn26127_c	-2.0	high	0.0	1.0
rxn19704_c	0.0	low	1.0	0.0
rxn43657_c	0.0	low	1.0	0.0
rxn05469_c	0.0			
rxn05064_c	0.0			
rxn02374_c	0.0			
rxn05730_c	0.0			
rxn05488_c	-1000.0			
rxn05559_c	26.14004			
rxn01208_c	0.0			
rxn04791_c	0.0			
rxn00064_c	0.0			
rxn05468_c	476.42546			
rxn10570_c	0.0			
rxn05467_c	621.64915			
rxn23589_c	0.0			
rxn08502_e	999.74545			
rxn08428_c	0.0			
rxn08032_c	0.0			
rxn09008_c	0.0			
rxn08691_c	-11.56757			
rxn08966_c	0.0			
rxn08350_c	0.0			
rxn08689_c	-54.29103			
rxn09260_c	0.0			
rxn09330_c	0.0			
rxn00062_c	0.0			
rxn12225_c	0.042424908			
rxn03086_c	-1.7011581			
rxn03030_c	1.7011581			
rxn12666_c	0.084849817			
rxn00470_c	0.084849817			
rxn05459_c	10.522575			
rxn12603_c	-43.428174			
rxn00068_c	-0.084849817			
rxn05514_c	-0.084849817			
rxn00957_c	0.084849817			
rxn11946_c	0.084849817			
rxn05039_c	0.16969963			
rxn09128_c	-5.2612875			
rxn05175_c	0.084849817			
rxn01972_c	1.7011581			
rxn00979_c	0.25454945			
rxn12224_c	0.084849817			
rxn03537_c	0.084849817			
rxn02990_c	-0.67879853			
rxn01249_c	-0.084849817			
rxn09106_c	3.9459656			
rxn00797_c	0.0			
rxn04413_c	0.084849817			
rxn04139_c	0.084849817			
rxn03893_c	0.084849817			
rxn03538_c	0.084849817			
rxn09310_c	0.084849817			
rxn01213_c	1.9557076			
rxn05618_c	0.084849817			
rxn00181_c	0.67879853			
rxn01396_c	0.084849817			
rxn08655_c	0.25454945			
rxn12239_c	0.084849817			
rxn03393_c	0.084849817			
rxn02897_c	0.084849817			
rxn03395_c	0.084849817			
OF_BIOMASS	53.029788			
EX_malt_e	0.0			
EX_his_L_e	-4.0569256			
EX_cd2_e	0.0			
EX_ferrich_e	0.0			
EX_tttnt_e	0.0			
EX_metox_e	43.428174			
EX_btn_e	0.0			
EX_met_L_e	0.0			
EX_mg2_e	-0.084849817			
EX_ac_e	1000.0			
EX_arsenb_e	0.0			
EX_cbl1_e	0.0			
EX_cgly_e	0.0			
EX_fum_e	0.0			
EX_h2s_e	-54.29103			
EX_so4_e	-0.084849817			
EX_pydx_e	-0.084849817			
EX_spmd_e	-0.084849817			
EX_ppi_e	1.0			
EX_mnl_e	0.0			
EX_pro_L_e	0.0			
EX_glyc3p_e	0.0			
EX_orn_e	-11.711461			
EX_salcn_e	0.0			
EX_pi_e	-37.051079			
EX_acgam_e	0.0			
EX_pyr_e	0.0			
EX_etoh_e	0.0			
EX_but_e	0.0			
EX_hom_L_e	0.0			
EX_na1_e	0.0			
EX_acald_e	0.0			
EX_mobd_e	0.0			
EX_metox_R_e	0.0			
EX_arbt_e	0.0			
EX_sucr_e	0.0			
EX_galt_e	0.0			
EX_glyb_e	0.0			
EX_leu_L_e	-19.213418			
EX_h2o_e	0.0			
EX_so3_e	0.0			
EX_h2_e	-11.56757			
EX_lys_L_e	-14.609491			
EX_k_e	-0.084849817			
EX_n2o_e	0.0			
EX_cu2_e	-0.084849817			
EX_Fe3_e	-1000.0			
EX_fru_e	-1.0			
EX_gam_e	0.0			
EX_gly_cys_L_e	0.0			
EX_alaala_e	-297.07855			
EX_co2_e	-621.64915			
EX_h_e	1000.0			
EX_ca2_e	-0.084849817			
EX_zn2_e	-0.084849817			
EX_cl_e	-0.084849817			
EX_tre_e	1.22741			
EX_thr_L_e	0.0			
EX_pheme_e	-0.084849817			
EX_glu_L_e	242.1556			
EX_feenter_e	999.74545			
EX_mn2_e	-0.084849817			
EX_malthx_e	0.0			
EX_enter_e	-999.74545			
EX_malttr_e	0.0			
EX_arsni_e	0.0			
EX_4hbz_e	0.0			
EX_Butyro_betaine_e	0.0			
EX_man_e	0.0			
EX_chitob_e	0.0			
EX_for_e	-26.14004			
EX_mal_D_e	0.0			
EX_adocbl_e	0.0			
EX_meoh_e	0.0			
EX_succ_e	0.0			
EX_nh4_e	0.0			
EX_ile_L_e	-12.375902			
EX_cobalt2_e	-0.084849817			
EX_glc_D_e	0.0			
EX_acac_e	0.0			
EX_val_L_e	-18.197948			
EX_no_e	0.0			
EX_o2_e	-476.42546			
EX_lac_D_e	0.0			
EX_tsul_e	0.0			
DM_glycogenb_c	0.0			
DM_Biomass_c	92.669549			
DM_amob_c	0.0			
rxn05280_c	0.0			
rxn00394_c	0.0			
rxn00140_c	0.0	moderate		
rxn02373_c	0.0			
rxn02129_c	0.0			
rxn01375_c	-2.1757656			
rxn00127_c	0.0			
rxn00899_c	-1.0	high	0.0	1.0
rxn01923_c	0.0	moderate		
rxn30548_c	0.0			
rxn09888_c	1.3333333			
rxn06033_c	-1.0			
EX_hdca_e	-152.18085			
rxn08704_c	152.18085	moderate		
