Purine metabolism	Metabolic pathways	Nucleotide metabolism	
Phenylalanine, tyrosine and tryptophan biosynthesis	Metabolic pathways	Biosynthesis of secondary metabolites	Biosynthesis of amino acids	
Pyrimidine metabolism	Metabolic pathways	Nucleotide metabolism	
Pyrimidine metabolism	Metabolic pathways	Biosynthesis of cofactors	
Pyrimidine metabolism	Metabolic pathways	Biosynthesis of cofactors	
Pyrimidine metabolism	Metabolic pathways	Nucleotide metabolism	
Arginine and proline metabolism	Carbapenem biosynthesis	Metabolic pathways	Biosynthesis of secondary metabolites	Biosynthesis of amino acids	
Citrate cycle (TCA cycle)	Glyoxylate and dicarboxylate metabolism	Metabolic pathways	Biosynthesis of secondary metabolites	Microbial metabolism in diverse environments	Carbon metabolism	2-Oxocarboxylic acid metabolism	Biosynthesis of amino acids	
Glutathione metabolism	Other carbon fixation pathways	Metabolic pathways	Microbial metabolism in diverse environments	Carbon metabolism	2-Oxocarboxylic acid metabolism	Biosynthesis of amino acids	
Pyrimidine metabolism	Metabolic pathways	Nucleotide metabolism	
Phenylalanine metabolism	Benzoate degradation	Pyruvate metabolism	Dioxin degradation	Xylene degradation	Metabolic pathways	Microbial metabolism in diverse environments	Degradation of aromatic compounds	
Glycolysis / Gluconeogenesis	Glyoxylate and dicarboxylate metabolism	Methane metabolism	Other carbon fixation pathways	Metabolic pathways	Biosynthesis of secondary metabolites	Microbial metabolism in diverse environments	Carbon metabolism	

Riboflavin metabolism	Metabolic pathways	Biosynthesis of secondary metabolites	Biosynthesis of cofactors	
Tryptophan metabolism	Metabolic pathways	
Riboflavin metabolism	Metabolic pathways	Biosynthesis of secondary metabolites	Biosynthesis of cofactors	
D-Amino acid metabolism	Metabolic pathways	
Riboflavin metabolism	Metabolic pathways	Biosynthesis of secondary metabolites	Biosynthesis of cofactors	
Arginine biosynthesis	Alanine, aspartate and glutamate metabolism	Carbon fixation by Calvin cycle	Metabolic pathways	Microbial metabolism in diverse environments	Carbon metabolism	2-Oxocarboxylic acid metabolism	Biosynthesis of amino acids	
Glycerolipid metabolism	Metabolic pathways	

Arginine biosynthesis	Alanine, aspartate and glutamate metabolism	Carbon fixation by Calvin cycle	Metabolic pathways	Biosynthesis of secondary metabolites	Microbial metabolism in diverse environments	Carbon metabolism	2-Oxocarboxylic acid metabolism	Biosynthesis of amino acids	
Riboflavin metabolism	Metabolic pathways	Biosynthesis of secondary metabolites	Biosynthesis of cofactors	


Porphyrin metabolism	Metabolic pathways	Biosynthesis of secondary metabolites	Microbial metabolism in diverse environments	Biosynthesis of cofactors	

Lipopolysaccharide biosynthesis	Metabolic pathways	Biosynthesis of nucleotide sugars	
Riboflavin metabolism	Metabolic pathways	Biosynthesis of secondary metabolites	Biosynthesis of cofactors	
Porphyrin metabolism	Metabolic pathways	Biosynthesis of secondary metabolites	Biosynthesis of cofactors	
Glutathione metabolism	Metabolic pathways	
Valine, leucine and isoleucine degradation	Valine, leucine and isoleucine biosynthesis	Glucosinolate biosynthesis	Metabolic pathways	Biosynthesis of secondary metabolites	2-Oxocarboxylic acid metabolism	Biosynthesis of amino acids	

Valine, leucine and isoleucine biosynthesis	Metabolic pathways	Biosynthesis of secondary metabolites	2-Oxocarboxylic acid metabolism	

Pyrimidine metabolism	Metabolic pathways	Biosynthesis of cofactors	
Riboflavin metabolism	Metabolic pathways	Biosynthesis of secondary metabolites	Biosynthesis of cofactors	
Valine, leucine and isoleucine biosynthesis	Metabolic pathways	Biosynthesis of secondary metabolites	2-Oxocarboxylic acid metabolism	Biosynthesis of amino acids	

Valine, leucine and isoleucine biosynthesis	Metabolic pathways	Biosynthesis of secondary metabolites	2-Oxocarboxylic acid metabolism	Biosynthesis of amino acids	
Valine, leucine and isoleucine biosynthesis	Butanoate metabolism	C5-Branched dibasic acid metabolism	Pantothenate and CoA biosynthesis	Metabolic pathways	Biosynthesis of secondary metabolites	2-Oxocarboxylic acid metabolism	Biosynthesis of amino acids	
Phenylalanine, tyrosine and tryptophan biosynthesis	Metabolic pathways	Biosynthesis of secondary metabolites	Biosynthesis of amino acids	
Pyruvate metabolism	Butanoate metabolism	Metabolic pathways	Microbial metabolism in diverse environments	
Phenylalanine, tyrosine and tryptophan biosynthesis	Phenazine biosynthesis	Metabolic pathways	Biosynthesis of secondary metabolites	Biosynthesis of amino acids	

Phenylalanine, tyrosine and tryptophan biosynthesis	Metabolic pathways	Biosynthesis of secondary metabolites	Biosynthesis of amino acids	

Phenylalanine, tyrosine and tryptophan biosynthesis	Metabolic pathways	Biosynthesis of secondary metabolites	Biosynthesis of amino acids	
Taurine and hypotaurine metabolism	Pyruvate metabolism	Methane metabolism	Other carbon fixation pathways	Metabolic pathways	Microbial metabolism in diverse environments	Carbon metabolism	
Phenylalanine, tyrosine and tryptophan biosynthesis	Metabolic pathways	Biosynthesis of secondary metabolites	Biosynthesis of amino acids	
Phenylalanine, tyrosine and tryptophan biosynthesis	Metabolic pathways	Biosynthesis of secondary metabolites	Biosynthesis of amino acids	
Taurine and hypotaurine metabolism	Pyruvate metabolism	Methane metabolism	Other carbon fixation pathways	Metabolic pathways	Microbial metabolism in diverse environments	Carbon metabolism	

Valine, leucine and isoleucine degradation	Valine, leucine and isoleucine biosynthesis	Glucosinolate biosynthesis	Metabolic pathways	Biosynthesis of secondary metabolites	2-Oxocarboxylic acid metabolism	Biosynthesis of amino acids	


Terpenoid backbone biosynthesis	Metabolic pathways	Biosynthesis of secondary metabolites	
Terpenoid backbone biosynthesis	Metabolic pathways	Biosynthesis of secondary metabolites	
Porphyrin metabolism	Metabolic pathways	Biosynthesis of secondary metabolites	Microbial metabolism in diverse environments	Biosynthesis of cofactors	

Porphyrin metabolism	Metabolic pathways	Biosynthesis of secondary metabolites	Biosynthesis of cofactors	




Lipopolysaccharide biosynthesis	Metabolic pathways	

Fatty acid elongation	Fatty acid degradation	Metabolic pathways	Fatty acid metabolism	
Lipopolysaccharide biosynthesis	Metabolic pathways	
Glycolysis / Gluconeogenesis	Methane metabolism	Metabolic pathways	Biosynthesis of secondary metabolites	Microbial metabolism in diverse environments	Carbon metabolism	Biosynthesis of amino acids	
Glycolysis / Gluconeogenesis	Pentose phosphate pathway	Fructose and mannose metabolism	Methane metabolism	Carbon fixation by Calvin cycle	Metabolic pathways	Biosynthesis of secondary metabolites	Microbial metabolism in diverse environments	Carbon metabolism	Biosynthesis of amino acids	

Propanoate metabolism	Metabolic pathways	Microbial metabolism in diverse environments	
Purine metabolism	Metabolic pathways	Biosynthesis of secondary metabolites	
Purine metabolism	Metabolic pathways	Biosynthesis of secondary metabolites	Nucleotide metabolism	
Glycolysis / Gluconeogenesis	Pyruvate metabolism	Methane metabolism	Other carbon fixation pathways	Metabolic pathways	Biosynthesis of secondary metabolites	Microbial metabolism in diverse environments	Carbon metabolism	
Fatty acid elongation	Fatty acid degradation	Metabolic pathways	Fatty acid metabolism	
Lipopolysaccharide biosynthesis	Metabolic pathways	
Porphyrin metabolism	Aminoacyl-tRNA biosynthesis	Metabolic pathways	Biosynthesis of secondary metabolites	Microbial metabolism in diverse environments	Biosynthesis of cofactors	
Lipopolysaccharide biosynthesis	Metabolic pathways	

Thiamine metabolism	Metabolic pathways	Biosynthesis of cofactors	
Glycolysis / Gluconeogenesis	Carbon fixation by Calvin cycle	Metabolic pathways	Biosynthesis of secondary metabolites	Microbial metabolism in diverse environments	Carbon metabolism	Biosynthesis of amino acids	
Pentose phosphate pathway	Metabolic pathways	Microbial metabolism in diverse environments	Carbon metabolism	
Pentose phosphate pathway	Metabolic pathways	Biosynthesis of secondary metabolites	Microbial metabolism in diverse environments	Carbon metabolism	
Pentose phosphate pathway	Pentose and glucuronate interconversions	Carbon fixation by Calvin cycle	Metabolic pathways	Biosynthesis of secondary metabolites	Microbial metabolism in diverse environments	Carbon metabolism	Biosynthesis of amino acids	
Phenylalanine, tyrosine and tryptophan biosynthesis	Metabolic pathways	Biosynthesis of secondary metabolites	Biosynthesis of amino acids	
Valine, leucine and isoleucine biosynthesis	Metabolic pathways	Biosynthesis of secondary metabolites	2-Oxocarboxylic acid metabolism	
Purine metabolism	Metabolic pathways	Biosynthesis of secondary metabolites	

Purine metabolism	Metabolic pathways	Nucleotide metabolism	
Purine metabolism	Metabolic pathways	Nucleotide metabolism	
Purine metabolism	Metabolic pathways	Biosynthesis of secondary metabolites	


Pyrimidine metabolism	Metabolic pathways	Nucleotide metabolism	
Pyrimidine metabolism	Metabolic pathways	Nucleotide metabolism	
Glycolysis / Gluconeogenesis	Pyruvate metabolism	Metabolic pathways	Biosynthesis of secondary metabolites	Microbial metabolism in diverse environments	
Pyrimidine metabolism	One carbon pool by folate	Metabolic pathways	Nucleotide metabolism	
Pantothenate and CoA biosynthesis	Metabolic pathways	Biosynthesis of cofactors	

Valine, leucine and isoleucine biosynthesis	Pantothenate and CoA biosynthesis	Metabolic pathways	Biosynthesis of secondary metabolites	2-Oxocarboxylic acid metabolism	Biosynthesis of amino acids	
Valine, leucine and isoleucine biosynthesis	Metabolic pathways	Biosynthesis of secondary metabolites	2-Oxocarboxylic acid metabolism	
Pentose phosphate pathway	Metabolic pathways	Microbial metabolism in diverse environments	Carbon metabolism	

Citrate cycle (TCA cycle)	Pyruvate metabolism	Glyoxylate and dicarboxylate metabolism	Methane metabolism	Carbon fixation by Calvin cycle	Other carbon fixation pathways	Metabolic pathways	Biosynthesis of secondary metabolites	Microbial metabolism in diverse environments	Carbon metabolism	
Alanine, aspartate and glutamate metabolism	Butanoate metabolism	Metabolic pathways	Microbial metabolism in diverse environments	
Citrate cycle (TCA cycle)	Pyruvate metabolism	Other carbon fixation pathways	Metabolic pathways	Biosynthesis of secondary metabolites	Microbial metabolism in diverse environments	Carbon metabolism	
Riboflavin metabolism	Metabolic pathways	Biosynthesis of secondary metabolites	Biosynthesis of cofactors	
Vitamin B6 metabolism	Metabolic pathways	Biosynthesis of cofactors	
Pantothenate and CoA biosynthesis	Metabolic pathways	



Fatty acid biosynthesis	Mycolic acid biosynthesis	Aflatoxin biosynthesis	Pyruvate metabolism	Propanoate metabolism	Other carbon fixation pathways	Metabolic pathways	Biosynthesis of secondary metabolites	Microbial metabolism in diverse environments	Carbon metabolism	Fatty acid metabolism	
Nicotinate and nicotinamide metabolism	Metabolic pathways	Biosynthesis of cofactors	
Glyoxylate and dicarboxylate metabolism	Metabolic pathways	
Porphyrin metabolism	Metabolic pathways	Biosynthesis of secondary metabolites	Microbial metabolism in diverse environments	Biosynthesis of cofactors	
Fatty acid elongation	Fatty acid degradation	Metabolic pathways	Fatty acid metabolism	
Fatty acid degradation	Lysine degradation	Benzoate degradation	Tryptophan metabolism	Aminobenzoate degradation	Butanoate metabolism	Other carbon fixation pathways	Metabolic pathways	Biosynthesis of secondary metabolites	Microbial metabolism in diverse environments	Carbon metabolism	Fatty acid metabolism	
Fatty acid elongation	Fatty acid degradation	Metabolic pathways	Fatty acid metabolism	
Arginine biosynthesis	Alanine, aspartate and glutamate metabolism	Metabolic pathways	Biosynthesis of secondary metabolites	Biosynthesis of amino acids	
Arginine biosynthesis	Metabolic pathways	Biosynthesis of secondary metabolites	2-Oxocarboxylic acid metabolism	Biosynthesis of amino acids	
Porphyrin metabolism	Metabolic pathways	Biosynthesis of secondary metabolites	Microbial metabolism in diverse environments	Biosynthesis of cofactors	

Fatty acid elongation	Fatty acid degradation	Metabolic pathways	Fatty acid metabolism	
Thiamine metabolism	Terpenoid backbone biosynthesis	Metabolic pathways	Biosynthesis of secondary metabolites	
Terpenoid backbone biosynthesis	Metabolic pathways	Biosynthesis of secondary metabolites	
Terpenoid backbone biosynthesis	Metabolic pathways	Biosynthesis of secondary metabolites	
Amino sugar and nucleotide sugar metabolism	Metabolic pathways	Biosynthesis of nucleotide sugars	

Glyoxylate and dicarboxylate metabolism	Metabolic pathways	Biosynthesis of secondary metabolites	Microbial metabolism in diverse environments	Carbon metabolism	

Amino sugar and nucleotide sugar metabolism	Peptidoglycan biosynthesis	Metabolic pathways	Biosynthesis of nucleotide sugars	
D-Amino acid metabolism	Metabolic pathways	
Nicotinate and nicotinamide metabolism	Metabolic pathways	Biosynthesis of cofactors	
Cysteine and methionine metabolism	One carbon pool by folate	Metabolic pathways	Biosynthesis of secondary metabolites	

Pyruvate metabolism	Methane metabolism	Carbon fixation by Calvin cycle	Other carbon fixation pathways	Metabolic pathways	Microbial metabolism in diverse environments	Carbon metabolism	
Fatty acid elongation	Fatty acid degradation	Metabolic pathways	Fatty acid metabolism	

Fatty acid elongation	Fatty acid degradation	Metabolic pathways	Fatty acid metabolism	
Fatty acid elongation	Fatty acid degradation	Metabolic pathways	Fatty acid metabolism	
Folate biosynthesis	Metabolic pathways	Biosynthesis of cofactors	
Folate biosynthesis	Metabolic pathways	
Pantothenate and CoA biosynthesis	Metabolic pathways	Biosynthesis of cofactors	

Terpenoid backbone biosynthesis	Metabolic pathways	Biosynthesis of secondary metabolites	
Riboflavin metabolism	Folate biosynthesis	Metabolic pathways	Biosynthesis of secondary metabolites	Biosynthesis of cofactors	



Glycine, serine and threonine metabolism	Cyanoamino acid metabolism	Glyoxylate and dicarboxylate metabolism	One carbon pool by folate	Methane metabolism	Metabolic pathways	Biosynthesis of secondary metabolites	Microbial metabolism in diverse environments	Carbon metabolism	Biosynthesis of amino acids	Biosynthesis of cofactors	

Glycerolipid metabolism	
Lysine biosynthesis	Metabolic pathways	Microbial metabolism in diverse environments	Biosynthesis of amino acids	
Folate biosynthesis	Biosynthesis of cofactors	
Folate biosynthesis	Biosynthesis of cofactors	

Pyrimidine metabolism	Metabolic pathways	Nucleotide metabolism	Biosynthesis of cofactors	
Pyrimidine metabolism	Metabolic pathways	Nucleotide metabolism	
Amino sugar and nucleotide sugar metabolism	Peptidoglycan biosynthesis	Metabolic pathways	Biosynthesis of nucleotide sugars	
Pyrimidine metabolism	Metabolic pathways	Nucleotide metabolism	
Pyrimidine metabolism	Metabolic pathways	Nucleotide metabolism	Biosynthesis of cofactors	
Pyrimidine metabolism	Metabolic pathways	Nucleotide metabolism	


Pyrimidine metabolism	Metabolic pathways	Nucleotide metabolism	
Phenylalanine, tyrosine and tryptophan biosynthesis	Benzoxazinoid biosynthesis	Biosynthesis of various plant secondary metabolites	Metabolic pathways	Biosynthesis of secondary metabolites	

Purine metabolism	Metabolic pathways	Nucleotide metabolism	
Riboflavin metabolism	Metabolic pathways	Biosynthesis of cofactors	
Purine metabolism	Metabolic pathways	Biosynthesis of secondary metabolites	Nucleotide metabolism	Biosynthesis of cofactors	
Pyrimidine metabolism	Metabolic pathways	Nucleotide metabolism	Biosynthesis of cofactors	
Pyrimidine metabolism	Metabolic pathways	Nucleotide metabolism	Biosynthesis of cofactors	
Pyrimidine metabolism	Metabolic pathways	Nucleotide metabolism	
Arginine biosynthesis	Metabolic pathways	Biosynthesis of secondary metabolites	2-Oxocarboxylic acid metabolism	Biosynthesis of amino acids	
Porphyrin metabolism	Metabolic pathways	Biosynthesis of secondary metabolites	Biosynthesis of cofactors	

Pantothenate and CoA biosynthesis	Metabolic pathways	Biosynthesis of cofactors	
Purine metabolism	Alanine, aspartate and glutamate metabolism	Metabolic pathways	Nucleotide metabolism	Biosynthesis of cofactors	
Terpenoid backbone biosynthesis	Biosynthesis of secondary metabolites	
Pantothenate and CoA biosynthesis	Metabolic pathways	Biosynthesis of cofactors	
Alanine, aspartate and glutamate metabolism	Cyanoamino acid metabolism	Metabolic pathways	Biosynthesis of secondary metabolites	Biosynthesis of amino acids	
Pyrimidine metabolism	Alanine, aspartate and glutamate metabolism	Metabolic pathways	Biosynthesis of cofactors	
Lipopolysaccharide biosynthesis	Metabolic pathways	Biosynthesis of nucleotide sugars	

Fatty acid biosynthesis	Mycolic acid biosynthesis	Metabolic pathways	Biosynthesis of secondary metabolites	Fatty acid metabolism	

Lysine biosynthesis	D-Amino acid metabolism	Metabolic pathways	Biosynthesis of secondary metabolites	Microbial metabolism in diverse environments	Biosynthesis of amino acids	

Glycine, serine and threonine metabolism	Cysteine and methionine metabolism	Metabolic pathways	Biosynthesis of secondary metabolites	Microbial metabolism in diverse environments	Biosynthesis of amino acids	
Lysine biosynthesis	Metabolic pathways	Microbial metabolism in diverse environments	Biosynthesis of amino acids	
Glycine, serine and threonine metabolism	Metabolic pathways	Biosynthesis of secondary metabolites	Microbial metabolism in diverse environments	Biosynthesis of amino acids	
Cysteine and methionine metabolism	Sulfur metabolism	Metabolic pathways	Biosynthesis of secondary metabolites	Biosynthesis of amino acids	
Phenylalanine, tyrosine and tryptophan biosynthesis	Metabolic pathways	Biosynthesis of secondary metabolites	Biosynthesis of amino acids	
Purine metabolism	Metabolic pathways	Nucleotide metabolism	
Pyrimidine metabolism	Metabolic pathways	Nucleotide metabolism	
Purine metabolism	Metabolic pathways	Nucleotide metabolism	

Phenylalanine, tyrosine and tryptophan biosynthesis	Metabolic pathways	Biosynthesis of secondary metabolites	Biosynthesis of amino acids	
Starch and sucrose metabolism	Streptomycin biosynthesis	Metabolic pathways	Biosynthesis of secondary metabolites	

Cysteine and methionine metabolism	Metabolic pathways	Biosynthesis of amino acids	
Pyruvate metabolism	Glyoxylate and dicarboxylate metabolism	Metabolic pathways	Biosynthesis of secondary metabolites	Microbial metabolism in diverse environments	Carbon metabolism	


Glycerophospholipid metabolism	Biosynthesis of secondary metabolites	
Purine metabolism	Metabolic pathways	Nucleotide metabolism	
Pentose and glucuronate interconversions	Galactose metabolism	Starch and sucrose metabolism	Amino sugar and nucleotide sugar metabolism	O-Antigen nucleotide sugar biosynthesis	Glycerolipid metabolism	Metabolic pathways	Biosynthesis of secondary metabolites	Biosynthesis of cofactors	Biosynthesis of nucleotide sugars	

Lipopolysaccharide biosynthesis	Metabolic pathways	


Peptidoglycan biosynthesis	Metabolic pathways	
D-Amino acid metabolism	Peptidoglycan biosynthesis	Metabolic pathways	
Pyrimidine metabolism	Metabolic pathways	Nucleotide metabolism	
Arginine and proline metabolism	Metabolic pathways	Biosynthesis of secondary metabolites	Biosynthesis of amino acids	
Riboflavin metabolism	Metabolic pathways	Biosynthesis of secondary metabolites	Biosynthesis of cofactors	
Arginine and proline metabolism	Carbapenem biosynthesis	Metabolic pathways	Biosynthesis of secondary metabolites	Biosynthesis of amino acids	
beta-Alanine metabolism	Pantothenate and CoA biosynthesis	Metabolic pathways	Biosynthesis of secondary metabolites	Biosynthesis of cofactors	

Biotin metabolism	Metabolic pathways	Biosynthesis of cofactors	
Lipopolysaccharide biosynthesis	Metabolic pathways	
Lipopolysaccharide biosynthesis	Metabolic pathways	
Histidine metabolism	Metabolic pathways	Biosynthesis of secondary metabolites	Biosynthesis of amino acids	
Biosynthesis of amino acids	


Purine metabolism	Metabolic pathways	Biosynthesis of secondary metabolites	

Histidine metabolism	Metabolic pathways	Biosynthesis of secondary metabolites	Biosynthesis of amino acids	

Histidine metabolism	Metabolic pathways	Biosynthesis of secondary metabolites	Biosynthesis of amino acids	
Histidine metabolism	Metabolic pathways	Biosynthesis of secondary metabolites	Biosynthesis of amino acids	
Purine metabolism	Alanine, aspartate and glutamate metabolism	Metabolic pathways	Biosynthesis of secondary metabolites	
Cysteine and methionine metabolism	Sulfur metabolism	Biosynthesis of various antibiotics	Metabolic pathways	Biosynthesis of secondary metabolites	Microbial metabolism in diverse environments	Carbon metabolism	Biosynthesis of amino acids	
Cysteine and methionine metabolism	Sulfur metabolism	Metabolic pathways	Biosynthesis of secondary metabolites	Microbial metabolism in diverse environments	Carbon metabolism	Biosynthesis of amino acids	
Nicotinate and nicotinamide metabolism	Metabolic pathways	Biosynthesis of cofactors	

Sulfur metabolism	Metabolic pathways	Microbial metabolism in diverse environments	
Glycine, serine and threonine metabolism	Monobactam biosynthesis	Cysteine and methionine metabolism	Lysine biosynthesis	Metabolic pathways	Biosynthesis of secondary metabolites	Microbial metabolism in diverse environments	2-Oxocarboxylic acid metabolism	Biosynthesis of amino acids	
Glycine, serine and threonine metabolism	Cysteine and methionine metabolism	Lysine biosynthesis	Metabolic pathways	Biosynthesis of secondary metabolites	Microbial metabolism in diverse environments	2-Oxocarboxylic acid metabolism	Biosynthesis of amino acids	
Lysine biosynthesis	D-Amino acid metabolism	Metabolic pathways	Biosynthesis of secondary metabolites	Microbial metabolism in diverse environments	Biosynthesis of amino acids	
Arginine biosynthesis	Metabolic pathways	Biosynthesis of secondary metabolites	Biosynthesis of amino acids	
Purine metabolism	One carbon pool by folate	Metabolic pathways	Biosynthesis of secondary metabolites	
Phenylalanine metabolism	Phenylalanine, tyrosine and tryptophan biosynthesis	Tropane, piperidine and pyridine alkaloid biosynthesis	Metabolic pathways	Biosynthesis of secondary metabolites	2-Oxocarboxylic acid metabolism	Biosynthesis of amino acids	
Phenylalanine, tyrosine and tryptophan biosynthesis	Novobiocin biosynthesis	Metabolic pathways	Biosynthesis of secondary metabolites	Biosynthesis of amino acids	
Cysteine and methionine metabolism	One carbon pool by folate	Biosynthesis of various plant secondary metabolites	Metabolic pathways	Biosynthesis of secondary metabolites	Biosynthesis of amino acids	Biosynthesis of cofactors	
Histidine metabolism	Metabolic pathways	Biosynthesis of secondary metabolites	Biosynthesis of amino acids	
Thiamine metabolism	Metabolic pathways	Biosynthesis of cofactors	
Propanoate metabolism	Metabolic pathways	Carbon metabolism	

Pentose phosphate pathway	Glycine, serine and threonine metabolism	Glycerolipid metabolism	Glyoxylate and dicarboxylate metabolism	Methane metabolism	Metabolic pathways	Biosynthesis of secondary metabolites	Microbial metabolism in diverse environments	Carbon metabolism	
Arginine biosynthesis	Metabolic pathways	Biosynthesis of secondary metabolites	2-Oxocarboxylic acid metabolism	Biosynthesis of amino acids	

Porphyrin metabolism	Metabolic pathways	Biosynthesis of secondary metabolites	Microbial metabolism in diverse environments	Biosynthesis of cofactors	
Sulfur metabolism	Metabolic pathways	Microbial metabolism in diverse environments	
Arginine biosynthesis	Purine metabolism	Metabolic pathways	Biosynthesis of secondary metabolites	Microbial metabolism in diverse environments	Carbon metabolism	
Pantothenate and CoA biosynthesis	Metabolic pathways	Biosynthesis of cofactors	
Purine metabolism	Metabolic pathways	Biosynthesis of secondary metabolites	

Nicotinate and nicotinamide metabolism	Metabolic pathways	Biosynthesis of cofactors	
Glycerophospholipid metabolism	Metabolic pathways	
Glycine, serine and threonine metabolism	Cysteine and methionine metabolism	Methane metabolism	Metabolic pathways	Biosynthesis of secondary metabolites	Microbial metabolism in diverse environments	Carbon metabolism	Biosynthesis of amino acids	

Glycolysis / Gluconeogenesis	Carbon fixation by Calvin cycle	Metabolic pathways	Biosynthesis of secondary metabolites	Microbial metabolism in diverse environments	Carbon metabolism	Biosynthesis of amino acids	
Propanoate metabolism	Metabolic pathways	Carbon metabolism	
Starch and sucrose metabolism	Streptomycin biosynthesis	Neomycin, kanamycin and gentamicin biosynthesis	Metabolic pathways	Biosynthesis of secondary metabolites	
Pentose phosphate pathway	Glutathione metabolism	Metabolic pathways	Biosynthesis of secondary metabolites	Microbial metabolism in diverse environments	Carbon metabolism	

Pentose phosphate pathway	Metabolic pathways	


Pyruvate metabolism	Carbon fixation by Calvin cycle	Metabolic pathways	Microbial metabolism in diverse environments	Carbon metabolism	
Arginine biosynthesis	Alanine, aspartate and glutamate metabolism	Metabolic pathways	Biosynthesis of secondary metabolites	Biosynthesis of amino acids	
Arginine biosynthesis	Pyrimidine metabolism	Alanine, aspartate and glutamate metabolism	Metabolic pathways	Biosynthesis of secondary metabolites	Biosynthesis of cofactors	
Arginine and proline metabolism	Carbapenem biosynthesis	Metabolic pathways	Biosynthesis of secondary metabolites	Biosynthesis of amino acids	
Valine, leucine and isoleucine biosynthesis	Pyruvate metabolism	Metabolic pathways	Biosynthesis of secondary metabolites	2-Oxocarboxylic acid metabolism	Biosynthesis of amino acids	

Pantothenate and CoA biosynthesis	Metabolic pathways	Biosynthesis of secondary metabolites	Biosynthesis of cofactors	


Cysteine and methionine metabolism	Metabolic pathways	Biosynthesis of amino acids	
Purine metabolism	Metabolic pathways	Nucleotide metabolism	
One carbon pool by folate	Other carbon fixation pathways	Metabolic pathways	Microbial metabolism in diverse environments	Carbon metabolism	Biosynthesis of cofactors	

Ubiquinone and other terpenoid-quinone biosynthesis	Metabolic pathways	Biosynthesis of secondary metabolites	Biosynthesis of cofactors	
Carbon fixation by Calvin cycle	Metabolic pathways	Microbial metabolism in diverse environments	Carbon metabolism	

Fatty acid elongation	Fatty acid degradation	Metabolic pathways	Fatty acid metabolism	
Glycine, serine and threonine metabolism	Methane metabolism	Metabolic pathways	Biosynthesis of secondary metabolites	Microbial metabolism in diverse environments	Carbon metabolism	Biosynthesis of amino acids	

Alanine, aspartate and glutamate metabolism	Butanoate metabolism	Metabolic pathways	Microbial metabolism in diverse environments	
Fatty acid elongation	Fatty acid degradation	Metabolic pathways	Fatty acid metabolism	
Purine metabolism	Sulfur metabolism	Metabolic pathways	Microbial metabolism in diverse environments	

Fatty acid elongation	Fatty acid degradation	Metabolic pathways	Fatty acid metabolism	
Glycine, serine and threonine metabolism	Cysteine and methionine metabolism	Lysine biosynthesis	Metabolic pathways	Biosynthesis of secondary metabolites	Microbial metabolism in diverse environments	Biosynthesis of amino acids	
Cysteine and methionine metabolism	Metabolic pathways	Biosynthesis of secondary metabolites	Biosynthesis of amino acids	
Cysteine and methionine metabolism	Metabolic pathways	Biosynthesis of secondary metabolites	Biosynthesis of amino acids	
Alanine, aspartate and glutamate metabolism	Tyrosine metabolism	Butanoate metabolism	Nicotinate and nicotinamide metabolism	Metabolic pathways	Microbial metabolism in diverse environments	














Biosynthesis of cofactors	

Pentose phosphate pathway	Metabolic pathways	







Pyrimidine metabolism	Metabolic pathways	Nucleotide metabolism	


Pyrimidine metabolism	Metabolic pathways	Nucleotide metabolism	




Purine metabolism	Metabolic pathways	Nucleotide metabolism	
Fatty acid degradation	Lysine degradation	Tryptophan metabolism	Butanoate metabolism	Other carbon fixation pathways	Metabolic pathways	Biosynthesis of secondary metabolites	Microbial metabolism in diverse environments	Carbon metabolism	Fatty acid metabolism	



Fatty acid elongation	Fatty acid degradation	Metabolic pathways	Fatty acid metabolism	

Fatty acid elongation	Fatty acid degradation	Metabolic pathways	Fatty acid metabolism	
Folate biosynthesis	Metabolic pathways	Biosynthesis of cofactors	










Cysteine and methionine metabolism	One carbon pool by folate	Metabolic pathways	Biosynthesis of secondary metabolites	Biosynthesis of amino acids	

Nicotinate and nicotinamide metabolism	Metabolic pathways	Biosynthesis of cofactors	

Pyruvate metabolism	Metabolic pathways	Microbial metabolism in diverse environments	

Purine metabolism	Metabolic pathways	Biosynthesis of secondary metabolites	

Glyoxylate and dicarboxylate metabolism	Metabolic pathways	
Folate biosynthesis	Metabolic pathways	Biosynthesis of cofactors	
One carbon pool by folate	Other carbon fixation pathways	Metabolic pathways	Microbial metabolism in diverse environments	Carbon metabolism	Biosynthesis of cofactors	
One carbon pool by folate	Other carbon fixation pathways	Metabolic pathways	Microbial metabolism in diverse environments	Carbon metabolism	Biosynthesis of cofactors	
Nicotinate and nicotinamide metabolism	Metabolic pathways	Biosynthesis of cofactors	




Fatty acid elongation	Fatty acid degradation	Metabolic pathways	Fatty acid metabolism	





Porphyrin metabolism	








Pentose phosphate pathway	Metabolic pathways	

Fatty acid elongation	Biosynthesis of unsaturated fatty acids	Metabolic pathways	Fatty acid metabolism	













Folate biosynthesis	Metabolic pathways	Biosynthesis of cofactors	













Arginine biosynthesis	Metabolic pathways	Biosynthesis of secondary metabolites	2-Oxocarboxylic acid metabolism	Biosynthesis of amino acids	

Pentose phosphate pathway	Metabolic pathways	Biosynthesis of secondary metabolites	Microbial metabolism in diverse environments	Carbon metabolism	
Porphyrin metabolism	Metabolic pathways	Biosynthesis of secondary metabolites	Microbial metabolism in diverse environments	Biosynthesis of cofactors	

Terpenoid backbone biosynthesis	Metabolic pathways	Biosynthesis of secondary metabolites	
Arginine biosynthesis	Alanine, aspartate and glutamate metabolism	Nitrogen metabolism	Metabolic pathways	Microbial metabolism in diverse environments	Carbon metabolism	






Histidine metabolism	Metabolic pathways	Biosynthesis of secondary metabolites	Biosynthesis of amino acids	
Lysine biosynthesis	Metabolic pathways	Microbial metabolism in diverse environments	Biosynthesis of amino acids	
Purine metabolism	Metabolic pathways	Biosynthesis of secondary metabolites	Nucleotide metabolism	
Glycine, serine and threonine metabolism	Valine, leucine and isoleucine biosynthesis	Metabolic pathways	Biosynthesis of secondary metabolites	Biosynthesis of amino acids	
Purine metabolism	Metabolic pathways	Nucleotide metabolism	
One carbon pool by folate	Folate biosynthesis	Metabolic pathways	Biosynthesis of cofactors	
Phenylalanine, tyrosine and tryptophan biosynthesis	Metabolic pathways	Biosynthesis of secondary metabolites	Biosynthesis of amino acids	
Fatty acid elongation	Fatty acid degradation	Metabolic pathways	Fatty acid metabolism	
Ubiquinone and other terpenoid-quinone biosynthesis	Tyrosine metabolism	Phenylalanine, tyrosine and tryptophan biosynthesis	Novobiocin biosynthesis	Isoquinoline alkaloid biosynthesis	Metabolic pathways	Biosynthesis of secondary metabolites	2-Oxocarboxylic acid metabolism	Biosynthesis of amino acids	
Phenylalanine, tyrosine and tryptophan biosynthesis	Metabolic pathways	Biosynthesis of secondary metabolites	Biosynthesis of amino acids	


Alanine, aspartate and glutamate metabolism	Nitrogen metabolism	Metabolic pathways	Biosynthesis of secondary metabolites	Microbial metabolism in diverse environments	Biosynthesis of amino acids	
Valine, leucine and isoleucine biosynthesis	Metabolic pathways	Biosynthesis of secondary metabolites	2-Oxocarboxylic acid metabolism	
Vitamin B6 metabolism	Metabolic pathways	Biosynthesis of cofactors	
Histidine metabolism	Metabolic pathways	Biosynthesis of secondary metabolites	Biosynthesis of amino acids	
Metabolic pathways	Biosynthesis of secondary metabolites	Microbial metabolism in diverse environments	Carbon metabolism	2-Oxocarboxylic acid metabolism	
One carbon pool by folate	Other carbon fixation pathways	Metabolic pathways	Microbial metabolism in diverse environments	Carbon metabolism	

Pyrimidine metabolism	Metabolic pathways	Nucleotide metabolism	
Pantothenate and CoA biosynthesis	Metabolic pathways	Biosynthesis of secondary metabolites	Biosynthesis of cofactors	

Purine metabolism	Metabolic pathways	Nucleotide metabolism	
Purine metabolism	Metabolic pathways	Nucleotide metabolism	
Biotin metabolism	Metabolic pathways	Biosynthesis of cofactors	
Arginine biosynthesis	Alanine, aspartate and glutamate metabolism	Glyoxylate and dicarboxylate metabolism	Nitrogen metabolism	Metabolic pathways	Biosynthesis of secondary metabolites	Microbial metabolism in diverse environments	Biosynthesis of amino acids	

Fatty acid degradation	Valine, leucine and isoleucine degradation	Lysine degradation	Benzoate degradation	Tryptophan metabolism	Pyruvate metabolism	Glyoxylate and dicarboxylate metabolism	Butanoate metabolism	Other carbon fixation pathways	Terpenoid backbone biosynthesis	Metabolic pathways	Biosynthesis of secondary metabolites	Microbial metabolism in diverse environments	Carbon metabolism	Fatty acid metabolism	
Arginine biosynthesis	Metabolic pathways	Biosynthesis of secondary metabolites	2-Oxocarboxylic acid metabolism	Biosynthesis of amino acids	
Propanoate metabolism	Metabolic pathways	Carbon metabolism	


D-Amino acid metabolism	Peptidoglycan biosynthesis	Metabolic pathways	


Purine metabolism	Metabolic pathways	Nucleotide metabolism	






Porphyrin metabolism	Metabolic pathways	Biosynthesis of secondary metabolites	Biosynthesis of cofactors	
Citrate cycle (TCA cycle)	Propanoate metabolism	Other carbon fixation pathways	Metabolic pathways	Biosynthesis of secondary metabolites	Microbial metabolism in diverse environments	Carbon metabolism	








beta-Alanine metabolism	Pantothenate and CoA biosynthesis	Metabolic pathways	Biosynthesis of secondary metabolites	Biosynthesis of cofactors	
Fatty acid elongation	Fatty acid degradation	Metabolic pathways	Fatty acid metabolism	
Glyoxylate and dicarboxylate metabolism	Metabolic pathways	Microbial metabolism in diverse environments	
Histidine metabolism	Metabolic pathways	Biosynthesis of secondary metabolites	Biosynthesis of amino acids	


Pyruvate metabolism	Metabolic pathways	Microbial metabolism in diverse environments	



Terpenoid backbone biosynthesis	Metabolic pathways	Biosynthesis of secondary metabolites	
Porphyrin metabolism	Metabolic pathways	Biosynthesis of secondary metabolites	Microbial metabolism in diverse environments	Biosynthesis of cofactors	
Fatty acid biosynthesis	Metabolic pathways	Fatty acid metabolism	




Phenylalanine, tyrosine and tryptophan biosynthesis	Metabolic pathways	Biosynthesis of secondary metabolites	Biosynthesis of amino acids	





Glycine, serine and threonine metabolism	Cysteine and methionine metabolism	Methane metabolism	Metabolic pathways	Biosynthesis of secondary metabolites	Microbial metabolism in diverse environments	Carbon metabolism	Biosynthesis of amino acids	



















Purine metabolism	Alanine, aspartate and glutamate metabolism	Metabolic pathways	Nucleotide metabolism	Biosynthesis of cofactors	



Purine metabolism	One carbon pool by folate	Metabolic pathways	Biosynthesis of secondary metabolites	






Riboflavin metabolism	Biosynthesis of type II polyketide products	Metabolic pathways	Biosynthesis of secondary metabolites	Biosynthesis of cofactors	



Vitamin B6 metabolism	Metabolic pathways	Biosynthesis of cofactors	



Glycolysis / Gluconeogenesis	Glycine, serine and threonine metabolism	Methane metabolism	Metabolic pathways	Biosynthesis of secondary metabolites	Microbial metabolism in diverse environments	Carbon metabolism	Biosynthesis of amino acids	

Glycine, serine and threonine metabolism	Glycerolipid metabolism	Glyoxylate and dicarboxylate metabolism	Metabolic pathways	Biosynthesis of secondary metabolites	Carbon metabolism	


Glycolysis / Gluconeogenesis	Fructose and mannose metabolism	Inositol phosphate metabolism	Carbon fixation by Calvin cycle	Metabolic pathways	Biosynthesis of secondary metabolites	Microbial metabolism in diverse environments	Carbon metabolism	Biosynthesis of amino acids	






Vitamin B6 metabolism	Metabolic pathways	Biosynthesis of cofactors	




Pyrimidine metabolism	Metabolic pathways	Biosynthesis of cofactors	


Fatty acid biosynthesis	Metabolic pathways	Fatty acid metabolism	
Fatty acid biosynthesis	Metabolic pathways	Fatty acid metabolism	
Fatty acid biosynthesis	Metabolic pathways	Fatty acid metabolism	











Citrate cycle (TCA cycle)	Glyoxylate and dicarboxylate metabolism	Other carbon fixation pathways	Metabolic pathways	Biosynthesis of secondary metabolites	Microbial metabolism in diverse environments	2-Oxocarboxylic acid metabolism	
















Fatty acid biosynthesis	Metabolic pathways	Fatty acid metabolism	
Fatty acid biosynthesis	Metabolic pathways	Fatty acid metabolism	







Propanoate metabolism	Metabolic pathways	Carbon metabolism	








Citrate cycle (TCA cycle)	Glyoxylate and dicarboxylate metabolism	Other carbon fixation pathways	Metabolic pathways	Biosynthesis of secondary metabolites	Microbial metabolism in diverse environments	2-Oxocarboxylic acid metabolism	
























Fatty acid biosynthesis	Metabolic pathways	Fatty acid metabolism	
Fatty acid biosynthesis	Metabolic pathways	Fatty acid metabolism	










Fatty acid biosynthesis	Metabolic pathways	Fatty acid metabolism	
Fatty acid biosynthesis	Metabolic pathways	Fatty acid metabolism	
Fatty acid biosynthesis	Metabolic pathways	Fatty acid metabolism	
Fatty acid biosynthesis	Metabolic pathways	Fatty acid metabolism	
Fatty acid biosynthesis	Metabolic pathways	Fatty acid metabolism	




















Fatty acid degradation	Metabolic pathways	Fatty acid metabolism	


Fatty acid degradation	Metabolic pathways	Fatty acid metabolism	


Fatty acid degradation	Metabolic pathways	Fatty acid metabolism	


Fatty acid degradation	Metabolic pathways	Fatty acid metabolism	






















Glycine, serine and threonine metabolism	Metabolic pathways	Biosynthesis of secondary metabolites	Microbial metabolism in diverse environments	Biosynthesis of amino acids	













Biotin metabolism	Metabolic pathways	Biosynthesis of cofactors	
Biotin metabolism	Metabolic pathways	Biosynthesis of cofactors	
Biotin metabolism	Metabolic pathways	Biosynthesis of cofactors	




Biotin metabolism	Metabolic pathways	Biosynthesis of cofactors	
Biotin metabolism	Metabolic pathways	Biosynthesis of cofactors	

Biotin metabolism	Metabolic pathways	Biosynthesis of cofactors	





















Valine, leucine and isoleucine biosynthesis	Metabolic pathways	Biosynthesis of secondary metabolites	














Folate biosynthesis	Metabolic pathways	Biosynthesis of cofactors	























