Pyrimidine_metabolism	CYTDK2	NDPK6	DHORTS	OMPDC	PYNP2r	DURIPP	CDPPH	NDP7	ORPT	TMDPP	URIK1	URIK2	CYTDK1	RNDR3	RNDR4	TMDS	TMDK1	NTD2	NTD4	NTD5	UMPK	DURIK1	UPPRT	CTPS2	NTD1	NDPK7	NDPK2	NDPK3	NDPK4	ASPCT	DTMPK	NTPP3	NTPP7	NTPP8	CYTD	DCYTD	DCTPD	CSND	CYTDH	CBPS	NTPP4	CYTK1	CYTK2	23PDE2pp	23PDE4pp	NTD1pp	NTD2pp	NTD3pp	NTD4pp	NTD5pp	URIH	3NTD4pp	3NTD2pp	NTD3	DUTPDP	NTP5	DURADx	DHORDfum	3AMACHYD	MSAR	URACPAH
Metabolic_pathways	CYTDK2	XPPT	HXPRT	NDPK5	SHK3Dr	NDPK6	NDPK8	DHORTS	OMPDC	PYNP2r	G5SD	CS	ICDHyr	DURIPP	ACALD	PTRCTA	ACS	CYSDS	APRAUR	TRPAS2	PPCK	ME1	DB4PS	ALAR	RBFK	ALATA_L	XYLK	GLYK	ASPTA	ACP1_FMN	RBFSb	NDP3	CDPPH	NDP7	GLGC	PYK	SHCHD2	A5PISO	PMDPHT	CPPPGO	GTHOr	ILETA	VALTA	IPPMIb	ORPT	RBFSa	ACHBS	DHAD2	ACLS	TRPS2	PSCVT	PFL	ANS	ANPRT	CHORM	PTAr	CHORS	IGPS	ACKr	LEUTAi	DMATT	GRTT	UPP3S	UPPDC1	TMDPP	MOAT	ECOAH6	USHD	ENO	FBA	MGSA	IMPC	IMPD	PPS	ECOAH4	LPADSS	GLUTRS	TDSK	TMPPP	PGK	EDA	NTPP1	URIK2	NTPP2	PGL	NTPTP1	CYTDK1	RPE	DHQTi	IPMD	AIRC3	PUNP1	PUNP2	PUNP3	ADSL2r	PUNP5	PUNP6	PUNP7	RNDR1	ALCD2x	RNDR3	RNDR4	ALDD2y	TMDS	RMI	TMDK1	LYSAM	PPCDC	FTHFD	DHAD1	IPPMIa	EDD	INSK	MDH	ABTA	FUM	FMNAT	PYDXNK	PYAM5PO	SSALx	ASPT	OHPBAT	NADDP	THRD	HEX4	NMNAT	KARA1	ACCOAC	NADK	GLXCL	ICHORS_copy2	SUCBZS	GLUTRR	RBK_L1	RBP4E	TARTD	NTD2	GLCRAL	NTD4	NTD5	KAS14	HEMEOS	ADMDC	AGMT	NTD6	LGTHL	PYDXPP	PDXPP	ARGDC	HACD6	ECOAH1	ECOAH2	ARGSS	AGPR	SPMS	G1SAT	ECOAH3	UGLT	DXPS	OAADC	MNNH	CDPMEK	ALTRH	MECDPS	GUI1	PGAMT	DDGLK	PMANM	ICL	UAGCVT	GLUR	UAG2E	GLYCL	NNDPR	HCYSMT	UDPG4E	XYLI1	PPC	ICHORS_copy1	HACD4	G3PT	CINNDO	HACD5	DHCIND	HACD7	DNMPPA	HPPK2	PTPATi	DXPRIi	GTPCII2	GHMT2r	RMPA	PFK_2	GLTPD	ACACCT	SDPDS	TGBPA	MANAO	TAGURr	PGLYCP	G1PTT	TDPGDH	DHAPT	UDPGALM	TDPDRE	TDPDRR	UMPK	RZ5PP	DDPGALA	DURIK1	UAPGR	UPPRT	NTD9	CTPS2	NTD1	NTD7	NDPK7	AOBUTDs	GLYAT	ADNUC	TRPS3	AGMHE	NTD10	GMHEPAT	ADPT	FADRx	GTPDPK	NADN	GLYCLTDx	ADK1	NDPK2	NDPK3	HPYRRy	NDPK4	ACODA	ADA	DADA	ADD	FCLT	PNTK	ADSS	AGDC	ASNN	DPCOAK	HETZK	ASNS2	ASPCT	KDOPS	MCOATA	AST	SGDS	DAPE	HSK	SDPTA	GSPMDA	GSPMDS	GUAD	THRS	HSST	PPNDH	DGK1	DTMPK	NDPK1	DDPA	NMNDA	NNAM	PGMT	RHCCE	KG6PDC	TDPADGAT	MALS	X5PL3E	DOGULNR	BETALDHx	BETALDHy	NADTRHD	FMNRx2	FCLK	FCLPA	GMPS2	GSNK	GALUi	U23GAAT	UAMAS	UAMAGS	UGLYCH	NTPP3	NTPP6	NTPP7	HOPNTAL	NTPP8	P5CR	CYANST	DHPPDA2	3HPPPNH	G5SADs	GMAND	CYTD	AKGDH	HPYRRx	GLYCDx	ASP1DC	DCYTD	DBTS	DCTPD	UHGADA	AMANK	UAGAAT	ATPPRT	GART	CSND	IGPDH	GLUCYS	PRATPP	GLUN	PRMICI	GLUPRT	GMPR	SERAT	CYSS	NADS1	PAPSR	ASPK	ASAD	DAPDC	NTRIR2x	OCBT	GARFT	PHETA1	PPND	METAT	ASCBPL	ACBIPGT	TRPS1	PRAMPC	ADOCBLS	ADOCBIK	TMPK	HPPPNDO	MCITL2	SOTA	DHCINDO	SGSAD	GLYCK2	PTA2	ACOTA	PPBNGS	SULR	URDGLYCD	CBMKr	PPNCL2	PRAGSr	AMANAPEr	ACM6PH	NNATr	CYTDH	ETHAAL	MAN1PT2	PSERT	AP4AH	ADNCYC	GAPD	MI1PP	MCITS	HEX1	GND	NTP3	PPM2	ME2	ARGSL	CBPS	GLU5K	IPPS	ACOATA	MOHMT	AHCYSNS	ACNML	NTPP4	GMPS	FTHFLi	UDPGD	GLCRD	CHRPL	TDPAGTA	UACMAMO	FBA3	LCADi	ACACT7r	PSP_L	GLUDC	ACACT2r	BSORy	ADSK	ACACT4r	HSDy	CYSTL	SHSL1	SSALy	DDGALK	3HCINNMH	PACCOAL	NTP3pp	CHOLD	DRPA	CYTK1	CYTK2	GK1	HACD1	HACD2	NTD8pp	ECOAH5	DHFS	ACGAMK	METS	ASPO6	GLYOX3	PRASCSi	MALDDH	TRSARr	DHPS2	MTHFC	MTHFD	QULNS	ACACT6r	GGGABAH	CYANSTpp	GGGABADr	NHFRBO	42A12BOOXpp	TYROXDApp	CBLAT	TDP	METSOXR1	AMPTASECG	FLVR	FDMO2	PSP_Lpp	R15BPK	FACOAE160	PPGPPDP	GUACYC	23PDE2pp	23PDE4pp	23PDE9pp	SARCOX	3KGK	ASNNpp	GLUNpp	NTD10pp	NTD1pp	NTD2pp	NTD3pp	NTD4pp	NTD5pp	DNTPPA	NTD6pp	NTD7pp	NTD9pp	NTPP9	NTPP11	ARGDCpp	URIH	ALLPI	ALLK	ALLULPE	XTSNH	INSH	FALDH2	ACGK	FALGTHLs	GNK	HMBS	3NTD7pp	3NTD4pp	3NTD2pp	3NTD9pp	RMK	HYPOE	MEPCT	GLUDy	23PDE7pp	GLYCLTDy	LYSDC	HSTPT	THDPS	ATPM	THRD_L	NTD3	GLYOX	NAMNPP	SELNPS	GTPDPDP	RNDR2	DHFR	PRAIi	XAND	HACD3	TYRTA	SHKK	NNDMBRT	SADH	GLUSy	GUAPRT	OMCDC	ABUTD	E4PD	IG3PS	PDH	MTHFR2	DADK	DUTPDP	NTP5	MTAN	DPR	NTD8	GALCTD	UDPGDC	PUNP4	AMAOTr	G6PP	MMCD	GLNS	GTHS	ACACT1r	UDPKAAT	ULA4NFT	NTD11pp	ACGS	PDE1	MCITD	ALR2	ALAALAr	HXAND	ADNK1	UDPGPpp	CYSSADS	CPPPGO2	SHCHF	SUCOAS	SUCBZL	CYSDDS	NTP1	LALDO3	NTP10	GALKr	PANTS	DURADx	ECOAH7	GALCTND	GCALDD	HISTP	LDH_D	NTD11	IPDDI	ORNDC	UPP3MT	KAS15	DHQS	PGCD	ADSL1r	SERD_D	AICART	FLVRx	HPYRI	AACTOOR	FMNRx	PDX5POi	GUI2	PGM	GLYCK	TPI	OXAMTC	PERD	SFGTHi	PYDAMK	DHORDfum	3OAR120	3HAD80	3HAD120	ACONIs	ACONTb	FADRx2	LALDO2x	ASNS1	GTHRDHpp	3OAR140	3OAR160	PDE4	MICITDr	ACONTa	3OAR60	3OAR80	ATHRDHr	3OAR100	3HAD60	3HAD100	3HAD140	3HAD160	3HAD180	ACOAD7f	ACOAD5f	ACOAD3f	ACOAD6f	OBTFL	OXCDC	THRA	XYLK2	3AMACHYD	MPTAT	OPMEACPD	EPMEACPR	AOXSr2	CCGS	OGMEACPD	EGMEACPR	PMEACPE	CDGR	CDGS	CBMD	MSAR	LIPATPT	ALDD19xr	CPH4S	SHCHCS3	VPAMTr	3OXCOAT	URACPAH	GHBDHx	APPLDHr	DHNPA2r	GTHPi	SEPHCHCS	PCNO	INOSTO	ACOAD1f	QUINDH	FORCT	HADPCOADH3
Nucleotide_metabolism	CYTDK2	XPPT	HXPRT	NDPK5	NDPK6	NDPK8	PYNP2r	DURIPP	NDP3	CDPPH	NDP7	TMDPP	IMPD	URIK1	URIK2	NTPP2	NTPTP1	CYTDK1	PUNP1	PUNP2	PUNP3	PUNP5	PUNP6	PUNP7	RNDR1	RNDR3	RNDR4	TMDS	TMDK1	INSK	NTD2	NTD4	NTD5	NTD6	UMPK	DURIK1	UPPRT	NTD9	CTPS2	NTD1	NTD7	NDPK7	ADNUC	NTD10	ADPT	ADK1	NDPK2	NDPK3	NDPK4	ADA	DADA	ADD	ADSS	GUAD	DGK1	DTMPK	NDPK1	GMPS2	GSNK	NTPP3	NTPP6	NTPP7	NTPP8	CYTD	DCYTD	DCTPD	CSND	GMPR	CYTDH	NTP3	NTPP4	GMPS	NTP3pp	CYTK1	CYTK2	GK1	NTD8pp	NTD10pp	NTD1pp	NTD2pp	NTD3pp	NTD4pp	NTD5pp	NTD6pp	NTD7pp	NTD9pp	NTPP9	NTPP10	NTPP11	URIH	XTSNH	INSH	ATPM	NTD3	RNDR2	GUAPRT	DADK	DUTPDP	NTP5	NTD8	PUNP4	NTD11pp	HXAND	ADNK1	NTP1	NTP10	NTD11	ADSL1r
Purine_metabolism	XPPT	HXPRT	NDPK5	NDPK8	NDP3	IMPC	IMPD	NTPP1	NTPP2	NTPTP1	AIRC3	PUNP1	PUNP2	PUNP3	ADSL2r	PUNP5	PUNP6	PUNP7	RNDR1	INSK	NTD6	NTD9	NTD7	ADNUC	NTD10	ADPT	GTPDPK	ADK1	ADA	DADA	ADD	ADSS	GUAD	DGK1	NDPK1	GMPS2	GSNK	UGLYCH	NTPP6	GART	GLUPRT	GMPR	GARFT	URDGLYCD	CBMKr	PRAGSr	AP4AH	ADNCYC	NTP3	GMPS	ADSK	NTP3pp	GK1	NTD8pp	PRASCSi	PPGPPDP	GUACYC	23PDE9pp	NTD10pp	NTD6pp	NTD7pp	NTD9pp	NTPP9	NTPP10	NTPP11	XTSNH	INSH	3NTD7pp	3NTD9pp	23PDE7pp	ATPM	GTPDPDP	RNDR2	XAND	GUAPRT	DADK	NTD8	PUNP4	NTD11pp	PDE1	HXAND	ADNK1	NTP1	NTP10	NTD11	ADSL1r	AICART	OXAMTC	PDE4
Biosynthesis_of_secondary_metabolites	XPPT	SHK3Dr	G5SD	CS	ACS	APRAUR	PPCK	DB4PS	RBFK	ASPTA	RBFSb	GLGC	PYK	SHCHD2	PMDPHT	CPPPGO	ILETA	VALTA	IPPMIb	RBFSa	ACHBS	DHAD2	ACLS	TRPS2	PSCVT	ANS	ANPRT	CHORM	CHORS	IGPS	LEUTAi	DMATT	GRTT	UPP3S	UPPDC1	ENO	FBA	IMPC	IMPD	PPS	GLUTRS	PGK	PGL	RPE	DHQTi	IPMD	AIRC3	ADSL2r	PUNP7	ALCD2x	ALDD2y	DHAD1	IPPMIa	MDH	FUM	FMNAT	ACCOAC	ICHORS_copy2	SUCBZS	DHBD	ICHORT	GLUTRR	HEMEOS	ADMDC	AGMT	ARGDC	ECOAH1	ARGSS	AGPR	SPMS	G1SAT	DXPS	CDPMEK	MECDPS	PMANM	ICL	GLYCL	HCYSMT	ICHORS_copy1	DXPRIi	GTPCII2	GHMT2r	PGLYCP	G1PTT	TDPGDH	TDPDRE	TDPDRR	TRPS3	NTD10	ADK1	HPYRRy	ACODA	FCLT	OCTDPS	ASNN	ASNS2	MCOATA	DAPE	HSK	THRS	HSST	PPNDH	DDPA	PGMT	MALS	G3PD2	GALUi	P5CR	DHPPDA2	G5SADs	AKGDH	HPYRRx	ASP1DC	ATPPRT	GART	IGPDH	PRATPP	GLUN	PRMICI	GLUPRT	SERAT	CYSS	ASPK	ASAD	DAPDC	OCBT	GARFT	PHETA1	PPND	METAT	TRPS1	PRAMPC	GLYCK2	ACOTA	PPBNGS	CBMKr	PRAGSr	PSERT	GAPD	HEX1	GND	ARGSL	CBPS	GLU5K	IPPS	MOHMT	CAT	CHRPL	PSP_L	HSDy	CYSTL	SHSL1	HACD1	METS	PRASCSi	42A12BOOXpp	PSP_Lpp	ASNNpp	GLUNpp	NTD10pp	ARGDCpp	XTSNH	ACGK	GNK	HMBS	MEPCT	LYSDC	HSTPT	ATPM	THRD_L	PRAIi	TYRTA	SHKK	GLUSy	OMCDC	IG3PS	PDH	DPR	G6PP	GLNS	ACACT1r	ACGS	UDPGPpp	CPPPGO2	SHCHF	SUCOAS	SUCBZL	NTP1	PANTS	HISTP	IPDDI	ORNDC	UPP3MT	DHQS	PGCD	AICART	FMNRx	PGM	GLYCK	TPI	ACONTb	ASNS1	ACONTa	THRA	SHCHCS3	VPAMTr	SEPHCHCS	ACOAD1f
Phenylalanine,_tyrosine_and_tryptophan_biosynthesis	SHK3Dr	TRPS2	PSCVT	ANS	ANPRT	CHORM	CHORS	IGPS	DHQTi	TRPS3	PPNDH	DDPA	PHETA1	PPND	TRPS1	PRAIi	TYRTA	SHKK	DHQS	QUINDH
Biosynthesis_of_amino_acids	SHK3Dr	G5SD	CS	ICDHyr	ALATA_L	ASPTA	PYK	ILETA	VALTA	ACHBS	DHAD2	ACLS	PSCVT	ANS	ANPRT	CHORM	CHORS	IGPS	LEUTAi	ENO	FBA	PGK	RPE	DHQTi	DHAD1	ARGSS	AGPR	GHMT2r	SDPDS	ACODA	ASNS2	DAPE	HSK	SDPTA	THRS	HSST	PPNDH	DDPA	RHCCE	P5CR	G5SADs	ATPPRT	HISTD	IGPDH	PRATPP	PRMICI	SERAT	CYSS	ASPK	ASAD	DAPDC	OCBT	PHETA1	PPND	METAT	TRPS1	PRAMPC	ACOTA	PSERT	GAPD	ARGSL	GLU5K	IPPS	AHCYSNS	PSP_L	HSDy	CYSTL	SHSL1	METS	PSP_Lpp	ACGK	HSTPT	THDPS	THRD_L	PRAIi	TYRTA	SHKK	GLUSy	IG3PS	GLNS	ACGS	HISTP	DHQS	PGCD	PGM	TPI	ASNS1	THRA
Biosynthesis_of_cofactors	DHORTS	OMPDC	APRAUR	DB4PS	RBFK	RBFSb	SHCHD2	PMDPHT	CPPPGO	VALTA	ORPT	RBFSa	UPP3S	UPPDC1	GLUTRS	TMPPP	PPCDC	FMNAT	PYDXNK	OHPBAT	NADK	ICHORS_copy2	SUCBZS	GLUTRR	HEMEOS	PYDXPP	PDXPP	G1SAT	PMANM	NNDPR	ICHORS_copy1	PYDXK	DNMPPA	PTPATi	GTPCII2	GHMT2r	ADCS	ADCL	UMPK	RZ5PP	CTPS2	FADRx	ADK1	NDPK2	NDPK3	FCLT	PNTK	ADSS	DPCOAK	HETZK	ASPCT	NNAM	FMNRx2	GALUi	DHPPDA2	ASP1DC	DBTS	GLUCYS	NADS1	METAT	ACBIPGT	ADOCBLS	ADOCBIK	TMPK	PPBNGS	PPNCL2	NNATr	CBPS	MOHMT	FTHFLi	UDPGD	CHRPL	GTPCI	DHFS	ASPO6	DHPS2	MTHFC	MTHFD	QULNS	CBLAT	DNTPPA	HMBS	NAMNPP	DHFR	NNDMBRT	E4PD	DPR	AMAOTr	GTHS	CPPPGO2	SHCHF	SUCBZL	PANTS	UPP3MT	ADSL1r	FMNRx	PDX5POi	PERD	DHORDfum	FADRx2	MPTAT	OPMEACPD	EPMEACPR	AOXSr2	OGMEACPD	EGMEACPR	PMEACPE	SHCHCS3	DHNPA2r	SEPHCHCS
Arginine_and_proline_metabolism	G5SD	PTRCTA	ADMDC	AGMT	ARGDC	SPMS	AST	SGDS	P5CR	G5SADs	SOTA	SGSAD	GLU5K	GGGABAH	GGGABADr	ARGDCpp	SADH	ABUTD	ORNDC
Carbapenem_biosynthesis	G5SD	G5SADs	GLU5K
Citrate_cycle_(TCA_cycle)	CS	PPCK	MDH	FUM	SUCOAS	ACONTb	ACONTa
Glyoxylate_and_dicarboxylate_metabolism	CS	ACS	FTHFD	MDH	GLXCL	TARTD	ICL	GLYCL	GHMT2r	PGLYCP	GLYCLTDx	HPYRRy	MALS	HPYRRx	GLYCK2	CAT	TRSARr	GLYCLTDy	GLNS	ACACT1r	GCALDD	HPYRI	GLYCK	ACONTb	ACONTa	OXCDC	FORCT
Microbial_metabolism_in_diverse_environments	CS	ICDHyr	ACALD	ACS	PPCK	ME1	ALATA_L	ASPTA	PYK	SHCHD2	PFL	PTAr	ACKr	UPP3S	ENO	FBA	MGSA	PPS	GLUTRS	PGK	EDA	PGL	RPE	ALCD2x	ALDD2y	RMI	EDD	MDH	ABTA	FUM	SSALx	ACCOAC	GLUTRR	RBP4E	ECOAH1	G1SAT	DDGLK	ICL	PPC	CINNDO	DHCIND	GHMT2r	RMPA	SDPDS	GLYCLTDx	DAPE	HSK	SDPTA	THRS	KG6PDC	MALS	X5PL3E	FCLK	FCLPA	UGLYCH	HOPNTAL	CYANST	3HPPPNH	AKGDH	HPYRRx	SERAT	CYSS	PAPSR	ASPK	ASAD	DAPDC	NTRIR2x	ASCBPL	HPPPNDO	DHCINDO	GLYCK2	PPBNGS	SULR	URDGLYCD	CBMKr	PSERT	GAPD	GND	ME2	FTHFLi	FBA3	LCADi	PSP_L	GLUDC	ADSK	HSDy	SSALy	3HCINNMH	PACCOAL	HACD1	GLYOX3	MTHFC	MTHFD	CYANSTpp	NHFRBO	PSP_Lpp	ALLPI	ALLK	ALLULPE	FALDH2	FALGTHLs	GNK	HMBS	RMK	GLUDy	GLYCLTDy	LYSDC	THDPS	XAND	GLUSy	PDH	MTHFR2	GLNS	ACACT1r	SUCOAS	GALCTND	GCALDD	LDH_D	UPP3MT	PGCD	PGM	TPI	OXAMTC	SFGTHi	ACONTb	ACONTa	THRA	MSAR	ALDD19xr	3OXCOAT	PCNO	ACOAD1f	HADPCOADH3
Carbon_metabolism	CS	ICDHyr	ACS	PPCK	ME1	ALATA_L	ASPTA	PYK	PTAr	ACKr	ENO	FBA	PPS	PGK	EDA	PGL	RPE	EDD	MDH	FUM	ACCOAC	ECOAH1	DDGLK	ICL	GLYCL	PPC	GHMT2r	PGLYCP	MALS	AKGDH	HPYRRx	SERAT	CYSS	MCITL2	GLYCK2	CBMKr	PSERT	GAPD	MCITS	GND	ME2	CAT	FTHFLi	FBA3	PSP_L	HACD1	MTHFC	MTHFD	PSP_Lpp	FALDH2	FALGTHLs	GNK	GLUDy	PDH	MTHFR2	ACACT1r	MCITD	SUCOAS	PGCD	PGM	GLYCK	TPI	SFGTHi	MICITDr	MSAR	GHBDHx	PCNO	ACOAD1f
2-Oxocarboxylic_acid_metabolism	CS	ICDHyr	ALATA_L	ASPTA	ILETA	VALTA	IPPMIb	ACHBS	DHAD2	ACLS	LEUTAi	IPMD	DHAD1	IPPMIa	AGPR	ACODA	AKGDH	ASPK	ASAD	PHETA1	ACOTA	IPPS	ACGK	TYRTA	OMCDC	PDH	ACGS	ACONTb	ACONTa
Glutathione_metabolism	ICDHyr	GTHOr	SPMS	GSPMDA	GSPMDS	GLUCYS	GND	AMPTASECG	GTHS	ORNDC	GTHRDHpp	APCS	GTHPi
Other_carbon_fixation_pathways	ICDHyr	ACS	PTAr	ACKr	PPS	MDH	FUM	ACCOAC	ECOAH1	PPC	FTHFLi	HACD1	MTHFC	MTHFD	MTHFR2	ACACT1r	SUCOAS	ACONTb	ACONTa	MSAR	PCNO
Phenylalanine_metabolism	ACALD	CINNDO	DHCIND	HOPNTAL	3HPPPNH	PHETA1	HPPPNDO	DHCINDO	3HCINNMH	PACCOAL	PEAMNOpp	ALDD19xr	3OXCOAT	HADPCOADH3
Benzoate_degradation	ACALD	ECOAH1	HOPNTAL	ACACT1r	3OXCOAT
Pyruvate_metabolism	ACALD	PPCK	ME1	PYK	PFL	PTAr	ACKr	PPS	ALCD2x	ALDD2y	MDH	FUM	ACCOAC	LGTHL	OAADC	PPC	MALS	ME2	IPPS	LCADi	GLYOX3	GLYOX	ACACT1r	LALDO3	LDH_D	LALDO2x
Dioxin_degradation	ACALD	HOPNTAL
Xylene_degradation	ACALD	HOPNTAL
Degradation_of_aromatic_compounds	ACALD	CINNDO	DHCIND	HOPNTAL	3HPPPNH	HPPPNDO	DHCINDO	3HCINNMH
Glycolysis_/_Gluconeogenesis	ACS	PPCK	PYK	ENO	FBA	PPS	PGK	ALCD2x	ALDD2y	GAPD	PGM	TPI
Methane_metabolism	ACS	PTAr	ACKr	ENO	FBA	PPS	MDH	PPC	GHMT2r	HPYRRx	GLYCK2	PSERT	PSP_L	PSP_Lpp	FALDH2	FALGTHLs	PGCD	PGM	SFGTHi
Cysteine_and_methionine_metabolism	CYSDS	ADMDC	SPMS	HCYSMT	HSK	HSST	RHCCE	SERAT	CYSS	ASPK	ASAD	METAT	PSERT	AHCYSNS	HSDy	CYSTL	SHSL1	METS	METSOXR1	MTAN	CYSSADS	CYSDDS	PGCD
Riboflavin_metabolism	APRAUR	DB4PS	RBFK	ACP1_FMN	RBFSb	PMDPHT	RBFSa	FMNAT	GTPCII2	FADRx	FMNRx2	DHPPDA2	FLVR	FLVRx	FMNRx	FADRx2
Tryptophan_metabolism	TRPAS2	ECOAH1	HACD1	ACACT1r
Carbon_fixation_by_Calvin_cycle	PPCK	ME1	ALATA_L	ASPTA	FBA	PGK	RPE	MDH	PPC	GAPD	ME2	FBA3	TPI
D-Amino_acid_metabolism	ALAR	GLUR	DAPE	UAMAGS	DAPDC	ALAALAr	CYSDDS	SERD_D
Arginine_biosynthesis	ALATA_L	ASPTA	ARGSS	AGPR	ACODA	GLUN	OCBT	ACOTA	CBMKr	ARGSL	CBPS	GLUNpp	ACGK	GLUDy	GLNS	ACGS
Alanine,_aspartate_and_glutamate_metabolism	ALATA_L	ASPTA	ABTA	SSALx	ASPT	ARGSS	ADSS	ASNN	ASNS2	ASPCT	P5CD	GLUN	GLUPRT	ARGSL	CBPS	GLUDC	SSALy	ASNNpp	GLUNpp	GLUDy	GLUSy	GLNS	ADSL1r	ASNS1
Pentose_and_glucuronate_interconversions	XYLK	RPE	RBK_L1	RBP4E	MNNH	ALTRH	GUI1	XYLI1	MANAO	TAGURr	KG6PDC	X5PL3E	DOGULNR	GALUi	UDPGD	LYXI	ARABDI	3KGK	GUI2	XYLK2
Glycerolipid_metabolism	GLYK	G3PT	ALCD19	DHAPT	GALUi	GLYCDx	GLYCK2	GLYCK
Starch_and_sucrose_metabolism	GLGC	PGMT	GALUi	HEX1	G6PP	UDPGPpp
Amino_sugar_and_nucleotide_sugar_metabolism	GLGC	G6PDA	HEX4	UGLT	PGAMT	PMANM	UAGCVT	UAG2E	UDPG4E	UDPGALM	UAPGR	AGDC	GALUi	GMAND	AMANK	AMANAPEr	ACM6PH	MAN1PT2	ACNML	UDPGD	UACMAMO	ACGAMK	UDPGDC	UDPKAAT	ULA4NFT	GALKr
Biosynthesis_of_nucleotide_sugars	GLGC	A5PISO	HEX4	UGLT	PGAMT	PMANM	UAGCVT	UAG2E	UDPG4E	G1PTT	TDPGDH	UDPGALM	TDPDRE	TDPDRR	UAPGR	AGMHE	GMHEPAT	KDOPS	TDPADGAT	GALUi	GMAND	AMANK	UDPGD	TDPAGTA	UACMAMO	ACGAMK	UDPGDC	UDPKAAT	GALKr	INOSTO
Porphyrin_metabolism	SHCHD2	CPPPGO	UPP3S	UPPDC1	GLUTRS	GLUTRR	HEMEOS	G1SAT	RZ5PP	FCLT	ACBIPGT	ADOCBLS	ADOCBIK	PPBNGS	FEROpp	CBLAT	HMBS	NNDMBRT	CPPPGO2	SHCHF	UPP3MT
Lipopolysaccharide_biosynthesis	A5PISO	MOAT	USHD	LPADSS	TDSK	AGMHE	GMHEPAT	KDOPS	U23GAAT	UHGADA	UAGAAT
Valine,_leucine_and_isoleucine_degradation	ILETA	VALTA	LEUTAi	ACACT1r
Valine,_leucine_and_isoleucine_biosynthesis	ILETA	VALTA	IPPMIb	ACHBS	DHAD2	ACLS	LEUTAi	IPMD	DHAD1	IPPMIa	IPPS	THRD_L	OMCDC	VPAMTr
Glucosinolate_biosynthesis	ILETA	VALTA	LEUTAi
Pantothenate_and_CoA_biosynthesis	VALTA	ACLS	PPCDC	DHAD1	KARA1	PTPATi	PNTK	DPCOAK	ASP1DC	PPNCL2	MOHMT	DPR	PANTS	DURADx
Butanoate_metabolism	ACLS	PFL	ABTA	SSALx	ECOAH1	ACACCT	GLUDC	SSALy	HACD1	MALDDH	ACACT1r	GHBDHx	ACOAD1f
C5-Branched_dibasic_acid_metabolism	ACLS	ACONIs
Phenazine_biosynthesis	ANS
Taurine_and_hypotaurine_metabolism	PTAr	ACKr	TAUDO
Terpenoid_backbone_biosynthesis	DMATT	GRTT	DXPS	CDPMEK	MECDPS	DXPRIi	OCTDPS	MEPCT	ACACT1r	IPDDI
Fatty_acid_elongation	ECOAH6	ECOAH4	HACD6	ECOAH2	ECOAH3	HACD4	HACD5	HACD7	ACACT7r	ACACT2r	ACACT4r	HACD2	ECOAH5	ACACT6r	FACOAE160	HACD3	ECOAH7
Fatty_acid_degradation	ECOAH6	ECOAH4	HACD6	ECOAH1	ECOAH2	ECOAH3	HACD4	HACD5	HACD7	ACACT7r	ACACT2r	ACACT4r	HACD1	HACD2	ECOAH5	ACACT6r	HACD3	ACACT1r	ECOAH7	ACOAD7f	ACOAD5f	ACOAD3f	ACOAD6f	ACOAD1f
Fatty_acid_metabolism	ECOAH6	ECOAH4	ACCOAC	KAS14	HACD6	ECOAH1	ECOAH2	ECOAH3	HACD4	HACD5	HACD7	MCOATA	ACOATA	ACACT7r	ACACT2r	ACACT4r	HACD1	HACD2	ECOAH5	ACACT6r	FACOAE160	HACD3	ACACT1r	ECOAH7	KAS15	3OAR120	3HAD80	3HAD120	3OAR140	3OAR160	3OAR60	3OAR80	3OAR100	3HAD60	3HAD100	3HAD140	3HAD160	3HAD180	ACOAD7f	ACOAD5f	ACOAD3f	ACOAD6f	ACOAD1f
Pentose_phosphate_pathway	FBA	EDA	PGL	RPE	EDD	DDGLK	GLYCK2	GND	PPM2	DRPA	R15BPK	GNK
Fructose_and_mannose_metabolism	FBA	RMI	HEX4	PMANM	RMPA	FCLK	FCLPA	GMAND	MAN1PT2	ALLPI	ALLK	ALLULPE	RMK	TPI	GDPMNP
Propanoate_metabolism	MGSA	ACCOAC	MCITL2	PTA2	MCITS	MMCD	MCITD	ALR2	SUCOAS	LALDO3	MICITDr	OBTFL	PCNO
Aminoacyl-tRNA_biosynthesis	GLUTRS
Thiamine_metabolism	TMPPP	DXPS	HETZK	TMPK	TDP
One_carbon_pool_by_folate	TMDS	FTHFD	GLYCL	HCYSMT	GHMT2r	BETALDHx	BETALDHy	GARFT	METAT	FTHFLi	CHOLD	METS	MTHFC	MTHFD	DHFR	MTHFR2	AICART	THFAT	FOMETRi
Lysine_degradation	LYSAM	ECOAH1	HACD1	LYSDC	ACACT1r
Vitamin_B6_metabolism	PYDXNK	PYAM5PO	OHPBAT	PYDXPP	PDXPP	PYDXK	HYPOE	E4PD	PDX5POi	PERD	PYDAMK
Tyrosine_metabolism	SSALx	SSALy	42A12BOOXpp	TYROXDApp	TYRTA
Nicotinate_and_nicotinamide_metabolism	SSALx	NADDP	NMNAT	NADK	NNDPR	NADN	NMNDA	NNAM	NADTRHD	NADS1	NNATr	SSALy	ASPO6	QULNS	NADPPPS	NAMNPP
Glycine,_serine_and_threonine_metabolism	THRD	GHMT2r	AOBUTDs	GLYAT	HPYRRy	HSK	THRS	BETALDHx	BETALDHy	HPYRRx	ASPK	ASAD	TRPS1	GLYCK2	PSERT	PSP_L	HSDy	CHOLD	PSP_Lpp	SARCOX	THRD_L	PGCD	SERD_D	AACTOOR	PGM	GLYCK	ATHRDHr	THRA	APPLDHr
Fatty_acid_biosynthesis	ACCOAC	KAS14	MCOATA	ACOATA	KAS15	3OAR120	3HAD80	3HAD120	3OAR140	3OAR160	3OAR60	3OAR80	3OAR100	3HAD60	3HAD100	3HAD140	3HAD160	3HAD180
Mycolic_acid_biosynthesis	ACCOAC	MCOATA
Aflatoxin_biosynthesis	ACCOAC
Ubiquinone_and_other_terpenoid-quinone_biosynthesis	ICHORS_copy2	SUCBZS	ICHORS_copy1	CHRPL	TYRTA	SUCBZL	SHCHCS3	SEPHCHCS
Biosynthesis_of_siderophore_group_nonribosomal_peptides	ICHORS_copy2	DHBD	ICHORT	ICHORS_copy1
Ascorbate_and_aldarate_metabolism	RBP4E	GLCRAL	KG6PDC	X5PL3E	DOGULNR	ASCBPL	UDPGD	GLCRD	3KGK	GALCTD	INOSTO
Aminobenzoate_degradation	ECOAH1
Galactose_metabolism	UGLT	UDPG4E	PFK_2	GLTPD	TGBPA	UDPGALM	DDPGALA	GALUi	DDGALK	GALKr	GALCTND
O-Antigen_nucleotide_sugar_biosynthesis	PMANM	UAG2E	UDPG4E	G1PTT	TDPGDH	UDPGALM	TDPDRE	TDPDRR	TDPADGAT	GALUi	GMAND	UDPGD	TDPAGTA	UACMAMO
Peptidoglycan_biosynthesis	UAGCVT	UAPGR	UAMAS	UAMAGS	ALAALAr
Folate_biosynthesis	DNMPPA	HPPK2	GTPCII2	ADCS	ADCL	DHFS	DHPS2	DNTPPA	DHFR	MPTAT	CCGS	CDGR	CDGS	CPH4S	DHNPA2r
Cyanoamino_acid_metabolism	GHMT2r	ASNN	ASNS2	ASNNpp
Lysine_biosynthesis	SDPDS	DAPE	SDPTA	ASPK	ASAD	DAPDC	HSDy	THDPS
Streptomycin_biosynthesis	G1PTT	TDPGDH	TDPDRE	TDPDRR	PGMT	HEX1
Polyketide_sugar_unit_biosynthesis	G1PTT	TDPGDH	TDPDRE	TDPDRR
Acarbose_and_validamycin_biosynthesis	G1PTT	TDPGDH
Biosynthesis_of_vancomycin_group_antibiotics	TDPGDH
Benzoxazinoid_biosynthesis	TRPS3
Biosynthesis_of_various_plant_secondary_metabolites	TRPS3	METAT
Sulfur_metabolism	HSST	CYANST	SERAT	CYSS	PAPSR	SULR	TAUDO	ADSK	CYANSTpp	FDMO2
Glycerophospholipid_metabolism	G3PD2	GPDDA1	GPDDA2	ETHAAL	GPDDA1pp	GPDDA2pp
beta-Alanine_metabolism	ASP1DC	ABUTD	PANTS	DURADx
Biotin_metabolism	DBTS	BSORy	AMAOTr	OPMEACPD	EPMEACPR	AOXSr2	OGMEACPD	EGMEACPR	PMEACPE
Histidine_metabolism	ATPPRT	IGPDH	PRATPP	PRMICI	PRAMPC	HSTPT	IG3PS	HISTP
Biosynthesis_of_various_antibiotics	SERAT
Monobactam_biosynthesis	ASPK
Nitrogen_metabolism	NTRIR2x	NHFRBO	GLUDy	GLUSy	GLNS	CBMD
Nitrogen_cycle	NTRIR2x
Tropane,_piperidine_and_pyridine_alkaloid_biosynthesis	PHETA1	LYSDC
Novobiocin_biosynthesis	PPND	TYRTA
Inositol_phosphate_metabolism	MI1PP	TPI	INOSTO
Neomycin,_kanamycin_and_gentamicin_biosynthesis	HEX1
Isoquinoline_alkaloid_biosynthesis	42A12BOOXpp	TYRTA
Biosynthesis_of_unsaturated_fatty_acids	FACOAE160	FACOAE180
Selenocompound_metabolism	SELNPS	SELGTHR
Biosynthesis_of_type_II_polyketide_products	FMNRx
Lipoic_acid_metabolism	LIPATPT
Styrene_degradation	ALDD19xr
Caprolactam_degradation	HADPCOADH3
