HEX1	Hk1	Hk2	Hk3	Gck	HK1	HK2	HK3	GCK
G6PPer	G6pc	G6PC
PGI	Gpi1	GPI
PFK	Pfkm	PFKM
FBP	Fbp1	Fbp2	FBP1	FBP2
FBA	Aldoa	Aldoc	ALDOA	ALDOC
TPI	Tpi1	TPI1
GAPD	Gapdh	GAPDH
PGK	Pgk1	PGK1
PGM	Pgam1	Pgam2	PGAM1	PGAM2
ENO	Eno1	Eno2	Eno3	ENO1	ENO2	ENO3
PYK	Pkm	PKM
r0122	Pkm	PKM
PEPCK	Pck1	PCK1
LDH_L	Ldhb	LDHB
G6PDH2r	G6pd2	G6PD
PGL	Pgls	PGLS
GND	Pgd	PGD
RPI	Rpia	RPIA
RPE	Rpe	RPEL1
TKT1	Tkt	TKT
TALA	Taldo1	TALDO1
TKT2	Tkt	TKT
PDHm	Pdha1	Pdhb	Dlat	Dld	PDHA1	PDHB	DLAT	DLD
CSm	Cs	CS
ACONTm	Aco2	ACO2
ICDHxm	Idh3a	Idh3v	Idh3g	IDH3A	IDH3B	IDH3G
ICDHyrm	Idh2	IDH2
AKGDm	Ogdh	Dlst	Dld	OGDH	DLST	DLD
SUCOAS1m	Suclg1	Suclg2	SUCLG1	SUCLG2
SUCOASm	Sucla2	SUCLA2
FUMm	Fh1	FH
MDHm	Mdh2	MDH2
CI_mitoMap	Ndufs7	Ndufs8	Ndufv2	Ndufs3	Ndufs2	Ndufv1	Ndufs1	mt-Nd1	mt-Nd2	mt-Nd3	mt-Nd4	mt-Nd4l	mt-Nd5	mt-Nd6	Ndufs6	Ndufa12	Ndufs4	Ndufa9	Ndufab1	Ndufa2	Ndufb3	Ndufa5	Ndufa6	Ndufa11	Ndufb11	NDUFB11b	Ndufs5	Ndufb4	Ndufa13	Ndufb7	Ndufa8	Ndufb9	Ndufb10	Ndufb8	Ndufc2	Ndufb2	Ndufa7	Ndufa3	Ndufb5	Ndufb1	Ndufc1	Ndufa10	Ndufa4	Ndufa4l2	Ndufv3	Ndufb6	NDUFS7	NDUFS8	NDUFV2	NDUFS3	NDUFS2	NDUFV1	NDUFS1	MT-ND1	MT-ND2	MT-ND3	MT-ND4	MT-ND4L	MT-ND5and MT-ND6	NDUFS6	NDUFA12	NDUFS4	NDUFA9	NDUFAB1	NDUFA2	NDUFB3	NDUFA5	NDUFA6	NDUFA11	NDUFB11	NDUFS5	NDUFB4	NDUFA13	NDUFB7	NDUFA8	NDUFB9	NDUFB10	NDUFB8	NDUFC2	NDUFB2	NDUFA7	NDUFA3	NDUFB5	NDUFB1	NDUFC1	NDUFA10	NDUFA4	NDUFA4L2	NDUFV3	NDUFB6
CII_mitoMap	Sdha	Sdhb	Sdhc	SDHA	SDHB	SDHC
CIII_mitoMap	mt-Cytb	Cyc1	Cycs	Uqcrfs1	Uqcrb	Uqcrh	Uqcrc2	Uqcrc1	Uqcr11	Uqcr10	Ttc19
CIV_mitoMap	mt-Co1	mt-Co2	mt-Co3	Cox4i1	Cox4i2	Cox5a	Cox5b	Cox6a1	Cox6a2	Cox6b1	Cox6b2	Cox6c	Cox7a1	Cox7a2	Cox7a2l	Cox7b	Cox7c	Cox8a	Cox8c	MT-CO1	MT-CO2	MT-CO3	COX4I1	COX4I2	COX5A	COX5B	COX6A1	COX6A2	COX6B1	COX6B2	COX6C	COX7A1	COX7A2	COX7A2L	COX7B	COX7C	COX8A	COX8C
CV_mitoMap	Atp5a1	Atp5b	Atp5c1	Atp5d	Atp5e	Atp5pb	Atp5h	Atp5k	Atp5j	Atp5j2	Atp5l	Atp5o	mt-Atp6	mt-Atp8	Atp5g1	Atp5g2	Atp5g3	ATP5A1	ATP5B	ATP5C1	ATP5D	ATP5E	ATP5F1	ATP5H	ATP5I	ATP5J	ATP5J2	ATP5L	ATP5L2	ATP5O	MT-ATP6	MT-ATP8	ATP5G1	ATP5G2	ATP5G3
PEPCKm	Pck2	PCK2
PCm	Pcx	PC
ME2m	Me3	ME3
ME1m	Me2	ME2
r0081	Gpt2	GPT2
ACITLm_mitoMap	Acly	ACLY
NDPK1m	Nme4	NME4
NNT_mitoMap	Nnt	NNT
ADK1m	Ak2	Ak3	AK2	AK3
ME2	Me1	ME1
ALATA_L	Gpt	GPT
NDPK1	Gm20390	Nme3	Nme6	Nme7	Cmpk1	Ak1	Ak4	Ak5	Ak7	Ak8	Ak9	NME2	NME3	NME6	NME7	CMPK1	AK1	AK4	AK5	AK7	AK8	AK9
FUM	Fh1	FH
ADK1	Ak1	AK1
ICDHy	Idh1	IDH1
ACONT	Aco1	ACO1
ACITL	Acly	ACLY
ASPTA	Got1	GOT1
MDH	Mdh1	MDH1
AKGMALtm	Slc25a11	SLC25A11
ASPGLUmB_mitoMap	Slc25a12	Slc25a13	SLC25A12	SLC25A13
ASPTAm	Got2	GOT2
G3PD1	Gpd1	Gpd1l	GPD1	GPD1L
r0205	Gpd2	GPD2
FACOAL160i	Acsl1	Acsl3	Acsl4	Acsbg1	Acsl6	Acsl5	Acsbg2	ACSL1	ACSL3	ACSL4	ACSBG1	ACSL6	ACSL5	ACSBG2
C160CPT1	Cpt1b	CPT1B
PPA	Ppa1	PPA1
r2435	Slc25a20	SLC25A20
C160CPT2	Cpt2	CPT2
PPAm	Ppa2	PPA2
ACOT2_mitoMap	Acot2	ACOT2
ACADLC16_mitoMap	Acadl	Etfdh	ACADL	ETFDH
MECR16C_mitoMap	Mecr	MECR
MTPC16_mitoMap	Hadha	Hadhb	HADHA	HADHB
ACADLC14_mitoMap	Acadl	Etfdh	ACADL	ETFDH
MECR14C_mitoMap	Mecr	MECR
MTPC14_mitoMap	Hadha	Hadhb	HADHA	HADHB
r1447_mitoMap	Acadm	Etfdh	ACADM	ETFDH
r0638	Mecr	MECR
r0660	Echs1	ECHS1
r0722	Hadh	HADH
r0724	Acaa2	ACAA2
r1451	Acadm	Etfdh	ACADM	ETFDH
r0735	Mecr	MECR
r0728	Echs1	ECHS1
r0726	Hadh	HADH
r0634	Acaa2	ACAA2
r1448	Acadm	Etfdh	ACADM	ETFDH
r0633	Mecr	MECR
r0731	Echs1	ECHS1
r0730	Hadh	HADH
r0732	Acaa2	ACAA2
r1450	Acadm	Etfdh	ACADM	ETFDH
r0791	Mecr	MECR
r0734	Echs1	ECHS1
r0733	Hadh	HADH
r0287	Acaa2	ACAA2
r1446	Acads	Etfdh	ACADS	ETFDH
ECOAH1m	Echs1	ECHS1
HACD1m	Hadh	HADH
ACACT1rm	Acat1	ACAT1
ACCOAC	Acaca	Acacb	ACACA	ACACB
MCOATA	Fasn	FASN
ACOATA	Fasn	FASN
r0678	Fasn	FASN
r0691	Fasn	FASN
r0681	Fasn	FASN
r0682	Fasn	FASN
r0760	Fasn	FASN
r0761	Fasn of FASN
r0762	Fasn	FASN
r0763	Fasn	FASN
r0764	Fasn	FASN
r0694	Fasn of FASN
r0695	Fasn	FASN
r0765	Fasn of FASN
r0766	Fasn	FASN
r0692	Fasn	FASN
r0693	Fasn	FASN
r0767	Fasn	FASN
r0768	Fasn	FASN
r0769	Fasn	FASN
r0770	Fasn	FASN
r0712	Fasn	FASN
r0713	Fasn	FASN
r0701	Fasn of FASN
r0702	Fasn of FASN
r0771	Fasn	FASN
r0772	Fasn	FASN
r0696	Fasn of FASN
r0697	Fasn	FASN
r0773	Fasn	FASN
FA160ACPH	Fasn	FASN
FACOAL40im	Acsm3	ACSM3	ACSM6
BDHm	Bdh1	BDH1
OCOAT1m	Oxct1	OXCT1
HMGCOASim	Hmgcs2	HMGCS2
HMGLm	Hmgcl	HMGCL
LEUTAm	Bcat2	BCAT2
OIVD1m	Bckdha	Bckdhb	Dbt	Dld	BCKDHA	BCKDHB	DBT	DLD
r0655	Ivd	IVD
MCCCrm	Mccc1	Mccc2	MCCC1	MCCC2
MGCHrm	Auh	AUH
ILETAm	Bcat2	BCAT2
OIVD3m	Bckdha	Bckdhb	Dbt	Dld	BCKDHA	BCKDHB	DBT	DLD
r0603	Acads	ACADS
ECOAH9m	Echs1	ECHS1
HACD9m	Hadh	HADH
ACACT10m	Acaa2	ACAA2
VALTAm	Bcat2	BCAT2
OIVD2m	Bckdha	Bckdhb	Dbt	Dld	BCKDHA	BCKDHB	DBT	DLD
r0560	Acads	ACADS
ECOAH12m	Echs1	ECHS1
3HBCOAHLm	Hibch	HIBCH
HIBDm	Hibadh	Hadh	HIBADH	HADH
ACCOALm	Acss3	ACSS3
MMSAD1m	Aldh6a1	ALDH6A1
PPCOACm	Pcca	Pccb	PCCA	PCCB
MMEm	Mcee	MCEE
MMMm	Mmut	MMUT
MMCDm	Echdc1	ECHDC1
RE2649M	Acot2	ACOT2
THRD_L	Sds	Sdsl	SDS	SDSL
r1154	Bckdha	Bckdhb	Dbt	Dld	PCCA	PCCB
2HBO	Ldhb	LDHB
METAT	Mat2a	MAT2A
METAT2_mitoMap	N/A
AHC	Ahcy	Ahcyl1	Ahcyl2	AHCY	AHCYL1	AHCYL2
ADNK1	Adk	ADK
CYSTS	Cbs	CBS
CYSTGL	Cth	CTH
CYSO	Cdo1	CDO1
3SALATAi	Got1	GOT1
3SPYRSP	Non-Enzymatic
CYSTA	Got1	GOT1
CYSTAm	Got2	GOT2
MCPST	Mpst	MPST
MCPSTm_mitoMap	Mpst	MPST
r0595m_mitoMap	Mpst	MPST
r0595B_mitoMap	Mpst	MPST
MCLOR	Ldhb	LDHB
r0193	Cth	CTH
TRPO2	Tdo2	Ido1	TDO2	IDO1
FKYNH	Afmid	AFMID
KYN3OX	Kmo	KMO
HKYNH	Kynu	KYNU
3HAO	Haao	HAAO
PCLAD	Acmsd	ACMSD
2OXOADPTmB_mitoMap	Slc25a21	SLC25A21
2OXOADPTmC_mitoMap	Slc25a21	SLC25A21
2OXOADOXm	Dhtkd1	Dlst	Dld	OGDH	DLST	DLD
r0541	Gcdh	GCDH
SACCD3m	Aass	AASS
r0525	Aass	AASS
AASAD3m	Aldh7a1	ALDH7A1
R03103_mitoMap	Aldh7a1	ALDH7A1
r0450	Aadat	AADAT
PPD2CSPc_mitoMap	Non-Enzymatic
LPCOXc_mitoMap	Pipox	PIPOX
r0594	Aldh7a1	ALDH7A1
2AMADPTmB_mitoMap	Slc25a21	SLC25A21
2AMADPTmC_mitoMap	Slc25a21	SLC25A21
PROD2mB_mitoMap	Prodh	PRODH
G5SADrm	Non-Enzymatic
r0074	Aldh4a1	ALDH4A1
GLU5Km	Aldh18a1 ALDH18A1
G5SDym	Aldh18a1	ALDH18A1
P5CRm	Pycr1	PYCR1
P5CRxm	Pycr1	PYCR1
ORNTArm	Oat	OAT
ORNDC	Odc1	ODC1
PTRCOX1	Aoc1	AOC1
r0464c_mitoMap	Aldh7a1	Aldh9a1	ALDH7A1	ALDH9A1
ABUTD	Aldh7a1	Aldh9a1	ALDH7A1	ALDH9A1
ARGDCm	Azin2	AZIN2
AGMTm	AGMAT	AGMAT
PTRCAT1m_mitoMap	Sat2	SAT2
APRTO2m_mitoMap	Maob	MAOB
NABTNOm	Aldh1b1	Aldh3a2	Aldh7a1	Aldh9a1	ALDH1B1	ALDH3A2	ALDH7A1	ALDH9A1
GLUDC	Gad2	GAD2
ABTArm	Abat	ABAT
r0178	Aldh5a1	ALDH5A1
GLUDxm	Glud1	GLUD1	GLUD2
GLUDym	Glud1	GLUD1	GLUD2
GLUDxi	Glud1	GLUD1
GLUDy	Glud1	GLUD1
GLNS	Glul	GLUL
GLUNm	Gls	Gls2	GLS	GLS2
GLUN_mitoMap	Gls	Cad	GLS	CAD
PGCD	Phgdh	PHGDH
PSERT	Psat1	PSAT1
PSP_L	Psph	PSPH
GHMT2r	Shmt1	SHMT1
FOLR2	Dhfr	DHFR
DHFR	Dhfr	DHFR
MTHFD	Mthfd1	MTHFD1
MTHFC	Mthfd1	Mthfd2l	MTHFD1	MTHFD2L
FTCD	Ftcd	FTCD
FTHFL	Mthfd1	MTHFD1
FTHFDH	Aldh1l1	ALDH1L1
r0060	Sds	Srr	Sdsl	SDS	SRR	SDSL
GHMT2rm	Shmt2	SHMT2
GCCam	Gldc	GLDC
GCCbim	Amt	AMT
GCCcm	Dld	DLD
r0514	Dhfr	DHFRL1
r0226	Dhfr or
MTHFDm	Mthfd2l	MTHFD2L
MTHFD2m	Mthfd2l	Mthfd2	MTHFD2L	MTHFD2
MTHFCm	Mthfd2l	Mthfd2	MTHFD2L	MTHFD2
FTHFLm	Mthfd1l	MTHFD1L
FTHFDHm_mitoMap	Aldh1l2	ALDH1L2
GLYATm	Gcat	GCAT
AOBUTDsm	Non-enzymatic
AACTOORm_mitoMap	Maob	MAOB
LGTHLm_mitoMap	Glo1	GLO1
GLYOXm	Hagh	HAGH
LDH_Dm_mitoMap	Ldhd	LDHD
CBPSam	Cps1	CPS1
OCBTm	Otc	OTC
NOS1	Nos2	NOS2
NOS2	Nos2	NOS2
r0129	Ggt6	Ggt7	GGT6	GGT7
AMPTASECG	Anpep	ANPEP
GLUCYS	Gclc	GCLC
GTHS	Gss	GSS
r0399	Pah	PAH
DHPR	Qdpr	QDPR
TYRTA	Got1	GOT1
TYRTB_mitoMap	Il4i1	IL4I1
34HPPOR	Hpd	HPD
HGNTOR	Hgd	HGD
MACACI	Gstz1	GSTZ1
FUMAC	Fah	FAH
ASNS1	Asns	ASNS
r0127	Aspg	ASPG
HISD	Hal	HAL
URCN	Uroc1	UROC1
IZPN	Amdhd1	AMDHD1
GluForTx	Ftcd	FTCD
APAT2rm	Abat	ABAT
MMSAD3m	Aldh6a1	ALDH6A1
MMSAD3m2_mitoMap	Aldh6a1	ALDH6A1
ASP1DC	Gadl1	GADL1
CKc	Ckb	Ckm	CKB	CKM
CK	Ckmt2	CKMT2
ACOAHi	Acot12	ACOT12
ALCD2yf	Akr1a1	AKR1A1
ALCD2if	Adh1	Adh5	ADH1C	ADH5
ACALDtm	N/A
ALDD2xm	Aldh1b1	Aldh3a2	Aldh7a1	Aldh9a1
ALDD2x	Aldh7a1	Aldh9a1	ALDH7A1	ALDH9A1
ACSm	Acss1	ACSS1
ACS	Acss2	ACSS2
ADSL1	Adsl	ADSL
ADSS	Adss	Adssl1	ADSS	ADSSL1
AMPD1	Ampd1	AMPD1
ARGN	Arg1	ARG1
ARGSL	Asl	ASL
ARGSS	Ass1	ASS1
ARGNm	Arg2	ARG2
ALASm	Alas1	ALAS1
PPBNGS	Alad	ALAD
HMBS	Hmbs	HMBS
UPP3S	Uros	UROS
UPPDC1	Urod	UROD
CPPPGO	Cpox	CPOX
PPPGOmB_mitoMap	Ppox	PPOX
FCLTm	Fech	FECH
HOXG	Hmox1	Hmox2	HMOX1	HMOX2
BILIRED	Blvrb	BLVRB
BILIRED2_mitoMap	Blvra	BLVRA
PCHOLPm_hs	Pld3	PLD3
GLYK	Gk	GK
GPAMm_hsB_mitoMap	Gpat2	GPAT2
AGPAT1B_mitoMap	Agpat5	AGPAT5
CDSm	Tamm41	TAMM41
PGPPTm	Pgs1	PGS1
PGPP_hsm_mitoMap	Ptpmt1	PTPMT1
CLS_hsm_mitoMap	Crls1	CRLS1
CLPN_mitoMap	Crls1	CRLS1
CYTK1m	Cmpk2	CMPK2
NDPK3m	Nme4	NME4
SPODMm	Sod1	Sod2	SOD1	SOD2
GTHP	Gpx2	GPX2
GTHPm	Gpx1	GPX1
GTHO	Gsr	GSR
GTHOm	Gsr	GSR
CITtamB	Slc25a1	SLC25A1
r0913	Slc25a1	SLC25A1
CITtbm	Slc25a1	SLC25A1
r0917	Slc25a1	SLC25A1
r0917b_mitoMap	Slc25a1	SLC25A1
PIt2mB_mitoMap	Slc25a3	SLC25A3
ATPtmB_mitoMap	Slc25a4	Slc25a5	SLC25A4	SLC25A5	SLC25A6
HtmB_mitoMap	Ucp2	Ucp3	ucp 1	UCP2	UCP3	UCP1
MALtm	Slc25a10
MALSO3tm	Slc25a10	SLC25A10
MALTSULtm	Slc25a10	SLC25A10
MALSO4tm	Slc25a10	SLC25A10
SUCCt2m	Slc25a10	SLC25A10
r0830	Slc25a10	SLC25A10
r0830B_mitoMap	Slc25a10	SLC25A10
r0829	Slc25a10	SLC25A10
SUCCt3m_mitoMap	Slc25a10	SLC25A10
COAtmB_mitoMap	Slc25a42	SLC25A42
COAtmC_mitoMap	Slc25a42	SLC25A42
GLUt2mB_mitoMap	Slc25a18	SLC25A18
ORNt4mB_mitoMap	Slc25a15	SLC25A15
r2398B_mitoMap	Slc25a15	SLC25A15
r2402B_mitoMap	Slc25a15	SLC25A15
LYStmB_mitoMap	Slc25a29	SLC25A29
ORNt3mB_mitoMap	Slc25a29	SLC25A29
ARGtmB_mitoMap	Slc25a29	SLC25A29
r1427	Slc25a29	SLC25A29
PYRt2m	Mpc1	Mpc2	MPC1	MPC2
ACACt2mB_mitoMap	Mpc1	Mpc2	MPC1	MPC2
FE2tm	Slc25a37	Slc25a28	SLC25A37	SLC25A28
PSFLIPm	Atp8a1	Atp8b2	Atp8b1	Atp8b4	Atp9a	Atp9b	Atp10a	Atp10d	Atp11a	Atp11b	Atp11c	Tmem30a	Tmem30b	ATP8A1	ATP8B1	ATP8B2	ATP8B4	ATP9A	ATP9B	ATP10A	ATP10D	ATP11A	ATP11B	ATP11C	TMEM30A	TMEM30B
PEFLIPm	Atp8a1	Atp8b2	Atp8b1	Atp8b4	Atp9a	Atp9b	Atp10a	Atp10d	Atp11a	Atp11b	Atp11c	Tmem30a	Tmem30b	ATP8A1	ATP8B1	ATP8B2	ATP8B4	ATP9A	ATP9B	ATP10A	ATP10D	ATP11A	ATP11B	ATP11C	TMEM30A	TMEM30B
