HEX1	Glycolysis / Gluconeogenesis	Galactose metabolism	Amino sugar and nucleotide sugar metabolism	Metabolic pathways	Biosynthesis of secondary metabolites	Microbial metabolism in diverse environments	Carbon metabolism	Biosynthesis of nucleotide sugars
G6PPer	Glycolysis / Gluconeogenesis	Galactose metabolism	Metabolic pathways
PGI	
PFK	
FBP	
FBA	
TPI	Glycolysis / Gluconeogenesis	Fructose and mannose metabolism	Inositol phosphate metabolism	Carbon fixation by Calvin cycle	Metabolic pathways	Biosynthesis of secondary metabolites	Microbial metabolism in diverse environments	Carbon metabolism	Biosynthesis of amino acids
GAPD	Glycolysis / Gluconeogenesis	Carbon fixation by Calvin cycle	Metabolic pathways	Biosynthesis of secondary metabolites	Microbial metabolism in diverse environments	Carbon metabolism	Biosynthesis of amino acids
PGK	Glycolysis / Gluconeogenesis	Carbon fixation by Calvin cycle	Metabolic pathways	Biosynthesis of secondary metabolites	Microbial metabolism in diverse environments	Carbon metabolism	Biosynthesis of amino acids
PGM	Glycolysis / Gluconeogenesis	Glycine, serine and threonine metabolism	Methane metabolism	Metabolic pathways	Biosynthesis of secondary metabolites	Microbial metabolism in diverse environments	Carbon metabolism	Biosynthesis of amino acids
ENO	Glycolysis / Gluconeogenesis	Methane metabolism	Metabolic pathways	Biosynthesis of secondary metabolites	Microbial metabolism in diverse environments	Carbon metabolism	Biosynthesis of amino acids
PYK	Glycolysis / Gluconeogenesis	Pyruvate metabolism	Metabolic pathways	Biosynthesis of secondary metabolites	Microbial metabolism in diverse environments	Carbon metabolism	Biosynthesis of amino acids
r0122	
PEPCK	Glycolysis / Gluconeogenesis	Citrate cycle (TCA cycle)	Pyruvate metabolism	Metabolic pathways	Biosynthesis of secondary metabolites	Microbial metabolism in diverse environments
LDH_L	Glycolysis / Gluconeogenesis	Pyruvate metabolism	Metabolic pathways	Biosynthesis of secondary metabolites	Microbial metabolism in diverse environments
G6PDH2r	Pentose phosphate pathway	Glutathione metabolism	Metabolic pathways	Biosynthesis of secondary metabolites	Microbial metabolism in diverse environments	Carbon metabolism
PGL	Pentose phosphate pathway	Metabolic pathways	Biosynthesis of secondary metabolites	Microbial metabolism in diverse environments	Carbon metabolism
GND	Pentose phosphate pathway	Glutathione metabolism	Metabolic pathways	Biosynthesis of secondary metabolites	Microbial metabolism in diverse environments	Carbon metabolism
RPI	Pentose phosphate pathway	Carbon fixation by Calvin cycle	Metabolic pathways	Biosynthesis of secondary metabolites	Microbial metabolism in diverse environments	Carbon metabolism	Biosynthesis of amino acids
RPE	Pentose phosphate pathway	Pentose and glucuronate interconversions	Carbon fixation by Calvin cycle	Metabolic pathways	Biosynthesis of secondary metabolites	Microbial metabolism in diverse environments	Carbon metabolism	Biosynthesis of amino acids
TKT1	Pentose phosphate pathway	Carbon fixation by Calvin cycle	Metabolic pathways	Biosynthesis of secondary metabolites	Microbial metabolism in diverse environments	Carbon metabolism	Biosynthesis of amino acids
TALA	
TKT2	
PDHm	
CSm	Citrate cycle (TCA cycle)	Glyoxylate and dicarboxylate metabolism	Metabolic pathways	Biosynthesis of secondary metabolites	Microbial metabolism in diverse environments	Carbon metabolism	2-Oxocarboxylic acid metabolism	Biosynthesis of amino acids
ACONTm	Metabolic pathways	Carbon metabolism	2-Oxocarboxylic acid metabolism	Biosynthesis of amino acids
ICDHxm	Citrate cycle (TCA cycle)	Metabolic pathways	Biosynthesis of secondary metabolites	Microbial metabolism in diverse environments	Carbon metabolism	2-Oxocarboxylic acid metabolism	Biosynthesis of amino acids
ICDHyrm	Glutathione metabolism	Other carbon fixation pathways	Metabolic pathways	Microbial metabolism in diverse environments	Carbon metabolism	2-Oxocarboxylic acid metabolism	Biosynthesis of amino acids
AKGDm	
SUCOAS1m	Citrate cycle (TCA cycle)	Propanoate metabolism	Metabolic pathways	Biosynthesis of secondary metabolites	Carbon metabolism
SUCOASm	Citrate cycle (TCA cycle)	Propanoate metabolism	Other carbon fixation pathways	Metabolic pathways	Biosynthesis of secondary metabolites	Microbial metabolism in diverse environments	Carbon metabolism
FUMm	Citrate cycle (TCA cycle)	Pyruvate metabolism	Other carbon fixation pathways	Metabolic pathways	Biosynthesis of secondary metabolites	Microbial metabolism in diverse environments	Carbon metabolism
MDHm	Citrate cycle (TCA cycle)	Pyruvate metabolism	Glyoxylate and dicarboxylate metabolism	Methane metabolism	Carbon fixation by Calvin cycle	Other carbon fixation pathways	Metabolic pathways	Biosynthesis of secondary metabolites	Microbial metabolism in diverse environments	Carbon metabolism
CI_mitoMap	
CII_mitoMap	Citrate cycle (TCA cycle)	Pyruvate metabolism	Butanoate metabolism	Other carbon fixation pathways	Metabolic pathways	Biosynthesis of secondary metabolites	Microbial metabolism in diverse environments	Carbon metabolism
CIII_mitoMap	Metabolic pathways
CIV_mitoMap	Metabolic pathways
CV_mitoMap	Purine metabolism	Metabolic pathways	Biosynthesis of secondary metabolites	Nucleotide metabolism
PEPCKm	Glycolysis / Gluconeogenesis	Citrate cycle (TCA cycle)	Pyruvate metabolism	Metabolic pathways	Biosynthesis of secondary metabolites	Microbial metabolism in diverse environments
PCm	Citrate cycle (TCA cycle)	Pyruvate metabolism	Other carbon fixation pathways	Metabolic pathways	Microbial metabolism in diverse environments	Carbon metabolism	Biosynthesis of amino acids
ME2m	Pyruvate metabolism	Carbon fixation by Calvin cycle	Metabolic pathways	Microbial metabolism in diverse environments	Carbon metabolism
ME1m	Pyruvate metabolism	Carbon fixation by Calvin cycle	Metabolic pathways	Microbial metabolism in diverse environments	Carbon metabolism
r0081	Arginine biosynthesis	Alanine, aspartate and glutamate metabolism	Carbon fixation by Calvin cycle	Metabolic pathways	Microbial metabolism in diverse environments	Carbon metabolism	2-Oxocarboxylic acid metabolism	Biosynthesis of amino acids
ACITLm_mitoMap	Citrate cycle (TCA cycle)	Other carbon fixation pathways	Metabolic pathways	Biosynthesis of secondary metabolites	Microbial metabolism in diverse environments	Carbon metabolism
NDPK1m	Purine metabolism	Metabolic pathways	Nucleotide metabolism
NNT_mitoMap	Nicotinate and nicotinamide metabolism	Metabolic pathways
ADK1m	Purine metabolism	Metabolic pathways	Biosynthesis of secondary metabolites	Nucleotide metabolism	Biosynthesis of cofactors
ME2	Pyruvate metabolism	Carbon fixation by Calvin cycle	Metabolic pathways	Microbial metabolism in diverse environments	Carbon metabolism
ALATA_L	Arginine biosynthesis	Alanine, aspartate and glutamate metabolism	Carbon fixation by Calvin cycle	Metabolic pathways	Microbial metabolism in diverse environments	Carbon metabolism	2-Oxocarboxylic acid metabolism	Biosynthesis of amino acids
NDPK1	Purine metabolism	Metabolic pathways	Nucleotide metabolism
FUM	Citrate cycle (TCA cycle)	Pyruvate metabolism	Other carbon fixation pathways	Metabolic pathways	Biosynthesis of secondary metabolites	Microbial metabolism in diverse environments	Carbon metabolism
ADK1	Purine metabolism	Metabolic pathways	Biosynthesis of secondary metabolites	Nucleotide metabolism	Biosynthesis of cofactors
ICDHy	Glutathione metabolism	Other carbon fixation pathways	Metabolic pathways	Microbial metabolism in diverse environments	Carbon metabolism	2-Oxocarboxylic acid metabolism	Biosynthesis of amino acids
ACONT	Metabolic pathways	Carbon metabolism	2-Oxocarboxylic acid metabolism	Biosynthesis of amino acids
ACITL	Citrate cycle (TCA cycle)	Other carbon fixation pathways	Metabolic pathways	Biosynthesis of secondary metabolites	Microbial metabolism in diverse environments	Carbon metabolism
ASPTA	Arginine biosynthesis	Alanine, aspartate and glutamate metabolism	Carbon fixation by Calvin cycle	Metabolic pathways	Biosynthesis of secondary metabolites	Microbial metabolism in diverse environments	Carbon metabolism	2-Oxocarboxylic acid metabolism	Biosynthesis of amino acids
MDH	Citrate cycle (TCA cycle)	Pyruvate metabolism	Glyoxylate and dicarboxylate metabolism	Methane metabolism	Carbon fixation by Calvin cycle	Other carbon fixation pathways	Metabolic pathways	Biosynthesis of secondary metabolites	Microbial metabolism in diverse environments	Carbon metabolism
ASPTAm	Arginine biosynthesis	Alanine, aspartate and glutamate metabolism	Carbon fixation by Calvin cycle	Metabolic pathways	Biosynthesis of secondary metabolites	Microbial metabolism in diverse environments	Carbon metabolism	2-Oxocarboxylic acid metabolism	Biosynthesis of amino acids
G3PD1	Glycerophospholipid metabolism	Biosynthesis of secondary metabolites
r0205	
FACOAL160i	Fatty acid biosynthesis	Fatty acid degradation	Metabolic pathways	Fatty acid metabolism
C160CPT1	Fatty acid degradation	Fatty acid metabolism
PPA	
C160CPT2	Fatty acid degradation	Fatty acid metabolism
PPAm	
ACOT2_mitoMap	Fatty acid elongation	Biosynthesis of unsaturated fatty acids	Metabolic pathways	Fatty acid metabolism
ACADLC16_mitoMap	Fatty acid degradation	Metabolic pathways	Fatty acid metabolism
MECR16C_mitoMap	Fatty acid elongation	Metabolic pathways	Fatty acid metabolism
MTPC16_mitoMap	Fatty acid elongation	Fatty acid degradation	Metabolic pathways	Fatty acid metabolism
ACADLC14_mitoMap	Fatty acid degradation	Metabolic pathways	Fatty acid metabolism
MECR14C_mitoMap	Fatty acid elongation	Metabolic pathways	Fatty acid metabolism
MTPC14_mitoMap	Fatty acid elongation	Fatty acid degradation	Metabolic pathways	Fatty acid metabolism
r1447_mitoMap	Fatty acid degradation	Metabolic pathways	Fatty acid metabolism
r0638	Fatty acid elongation	Metabolic pathways	Fatty acid metabolism
r0660	Fatty acid elongation	Fatty acid degradation	Metabolic pathways	Fatty acid metabolism
r0722	Fatty acid elongation	Fatty acid degradation	Metabolic pathways	Fatty acid metabolism
r0724	Fatty acid elongation	Fatty acid degradation	Metabolic pathways	Fatty acid metabolism
r1451	Fatty acid degradation	Metabolic pathways	Fatty acid metabolism
r0735	Fatty acid elongation	Metabolic pathways	Fatty acid metabolism
r0728	Fatty acid elongation	Fatty acid degradation	Metabolic pathways	Fatty acid metabolism
r0726	Fatty acid elongation	Fatty acid degradation	Metabolic pathways	Fatty acid metabolism
r0634	Fatty acid elongation	Fatty acid degradation	Metabolic pathways	Fatty acid metabolism
r1448	Fatty acid degradation	Metabolic pathways	Fatty acid metabolism
r0633	Fatty acid elongation	Metabolic pathways	Fatty acid metabolism
r0731	Fatty acid elongation	Fatty acid degradation	Metabolic pathways	Fatty acid metabolism
r0730	Fatty acid elongation	Fatty acid degradation	Metabolic pathways	Fatty acid metabolism
r0732	Fatty acid elongation	Fatty acid degradation	Metabolic pathways	Fatty acid metabolism
r1450	Fatty acid degradation	Metabolic pathways	Fatty acid metabolism
r0791	Fatty acid elongation	Metabolic pathways	Fatty acid metabolism
r0734	Fatty acid elongation	Fatty acid degradation	Metabolic pathways	Fatty acid metabolism
r0733	Fatty acid elongation	Fatty acid degradation	Metabolic pathways	Fatty acid metabolism
r0287	Fatty acid elongation	Fatty acid degradation	Metabolic pathways	Fatty acid metabolism
r1446	Fatty acid degradation	Butanoate metabolism	Metabolic pathways	Biosynthesis of secondary metabolites	Microbial metabolism in diverse environments	Carbon metabolism	Fatty acid metabolism
ECOAH1m	Fatty acid degradation	Lysine degradation	Benzoate degradation	Tryptophan metabolism	Aminobenzoate degradation	Butanoate metabolism	Other carbon fixation pathways	Metabolic pathways	Biosynthesis of secondary metabolites	Microbial metabolism in diverse environments	Carbon metabolism	Fatty acid metabolism
HACD1m	Fatty acid degradation	Lysine degradation	Tryptophan metabolism	Butanoate metabolism	Other carbon fixation pathways	Metabolic pathways	Biosynthesis of secondary metabolites	Microbial metabolism in diverse environments	Carbon metabolism	Fatty acid metabolism
ACACT1rm	Fatty acid degradation	Valine, leucine and isoleucine degradation	Lysine degradation	Benzoate degradation	Tryptophan metabolism	Pyruvate metabolism	Glyoxylate and dicarboxylate metabolism	Butanoate metabolism	Other carbon fixation pathways	Terpenoid backbone biosynthesis	Metabolic pathways	Biosynthesis of secondary metabolites	Microbial metabolism in diverse environments	Carbon metabolism	Fatty acid metabolism
ACCOAC	Fatty acid biosynthesis	Mycolic acid biosynthesis	Aflatoxin biosynthesis	Pyruvate metabolism	Propanoate metabolism	Other carbon fixation pathways	Metabolic pathways	Biosynthesis of secondary metabolites	Microbial metabolism in diverse environments	Carbon metabolism	Fatty acid metabolism
MCOATA	Fatty acid biosynthesis	Mycolic acid biosynthesis	Metabolic pathways	Biosynthesis of secondary metabolites	Fatty acid metabolism
ACOATA	Fatty acid biosynthesis	Metabolic pathways	Fatty acid metabolism
r0678	Fatty acid biosynthesis	Metabolic pathways	Fatty acid metabolism
r0691	Fatty acid biosynthesis	Metabolic pathways	Fatty acid metabolism
r0681	Fatty acid biosynthesis	Metabolic pathways	Fatty acid metabolism
r0682	Fatty acid biosynthesis	Metabolic pathways	Fatty acid metabolism
r0760	Fatty acid biosynthesis	Metabolic pathways	Fatty acid metabolism
r0761	Fatty acid biosynthesis	Metabolic pathways	Fatty acid metabolism
r0762	Fatty acid biosynthesis	Metabolic pathways	Fatty acid metabolism
r0763	Fatty acid biosynthesis	Metabolic pathways	Fatty acid metabolism
r0764	Fatty acid biosynthesis	Metabolic pathways	Fatty acid metabolism
r0694	Fatty acid biosynthesis	Metabolic pathways	Fatty acid metabolism
r0695	Fatty acid biosynthesis	Metabolic pathways	Fatty acid metabolism
r0765	Fatty acid biosynthesis	Metabolic pathways	Fatty acid metabolism
r0766	Fatty acid biosynthesis	Metabolic pathways	Fatty acid metabolism
r0692	Fatty acid biosynthesis	Metabolic pathways	Fatty acid metabolism
r0693	Fatty acid biosynthesis	Metabolic pathways	Fatty acid metabolism
r0767	Fatty acid biosynthesis	Metabolic pathways	Fatty acid metabolism
r0768	Fatty acid biosynthesis	Metabolic pathways	Fatty acid metabolism
r0769	Fatty acid biosynthesis	Metabolic pathways	Fatty acid metabolism
r0770	Fatty acid biosynthesis	Metabolic pathways	Fatty acid metabolism
r0712	Fatty acid biosynthesis	Metabolic pathways	Fatty acid metabolism
r0713	Fatty acid biosynthesis	Metabolic pathways	Fatty acid metabolism
r0701	Fatty acid biosynthesis	Metabolic pathways	Fatty acid metabolism
r0702	Fatty acid biosynthesis	Metabolic pathways	Fatty acid metabolism
r0771	Fatty acid biosynthesis	Metabolic pathways	Fatty acid metabolism
r0772	Fatty acid biosynthesis	Metabolic pathways	Fatty acid metabolism
r0696	Fatty acid biosynthesis	Metabolic pathways	Fatty acid metabolism
r0697	Fatty acid biosynthesis	Metabolic pathways	Fatty acid metabolism
r0773	Fatty acid biosynthesis	Metabolic pathways	Fatty acid metabolism
FA160ACPH	Fatty acid biosynthesis	Metabolic pathways	Fatty acid metabolism
FACOAL40im	Butanoate metabolism	Metabolic pathways
BDHm	Butanoate metabolism	Metabolic pathways
OCOAT1m	Valine, leucine and isoleucine degradation	Butanoate metabolism	Metabolic pathways
HMGCOASim	Valine, leucine and isoleucine degradation	Butanoate metabolism	Terpenoid backbone biosynthesis	Metabolic pathways	Biosynthesis of secondary metabolites
HMGLm	Valine, leucine and isoleucine degradation	Butanoate metabolism	Metabolic pathways
LEUTAm	Valine, leucine and isoleucine degradation	Valine, leucine and isoleucine biosynthesis	Glucosinolate biosynthesis	Metabolic pathways	Biosynthesis of secondary metabolites	2-Oxocarboxylic acid metabolism	Biosynthesis of amino acids
OIVD1m	Glycolysis / Gluconeogenesis	Citrate cycle (TCA cycle)	Valine, leucine and isoleucine degradation	Lysine degradation	Pyruvate metabolism	Propanoate metabolism	Lipoic acid metabolism	Metabolic pathways	Biosynthesis of secondary metabolites	Biosynthesis of cofactors
r0655	Valine, leucine and isoleucine degradation	Metabolic pathways
MCCCrm	Valine, leucine and isoleucine degradation	Metabolic pathways
MGCHrm	Valine, leucine and isoleucine degradation	Metabolic pathways
ILETAm	Valine, leucine and isoleucine degradation	Valine, leucine and isoleucine biosynthesis	Glucosinolate biosynthesis	Metabolic pathways	Biosynthesis of secondary metabolites	2-Oxocarboxylic acid metabolism	Biosynthesis of amino acids
OIVD3m	Glycolysis / Gluconeogenesis	Citrate cycle (TCA cycle)	Valine, leucine and isoleucine degradation	Lysine degradation	Pyruvate metabolism	Propanoate metabolism	Lipoic acid metabolism	Metabolic pathways	Biosynthesis of secondary metabolites	Biosynthesis of cofactors
r0603	Valine, leucine and isoleucine degradation	Metabolic pathways	Biosynthesis of secondary metabolites
ECOAH9m	Valine, leucine and isoleucine degradation	Metabolic pathways	Biosynthesis of secondary metabolites
HACD9m	Valine, leucine and isoleucine degradation	Metabolic pathways	Biosynthesis of secondary metabolites
ACACT10m	Valine, leucine and isoleucine degradation	Metabolic pathways	Biosynthesis of secondary metabolites
VALTAm	Valine, leucine and isoleucine degradation	Valine, leucine and isoleucine biosynthesis	Pantothenate and CoA biosynthesis	Glucosinolate biosynthesis	Metabolic pathways	Biosynthesis of secondary metabolites	2-Oxocarboxylic acid metabolism	Biosynthesis of amino acids	Biosynthesis of cofactors
OIVD2m	Glycolysis / Gluconeogenesis	Citrate cycle (TCA cycle)	Valine, leucine and isoleucine degradation	Lysine degradation	Pyruvate metabolism	Propanoate metabolism	Lipoic acid metabolism	Metabolic pathways	Biosynthesis of secondary metabolites	Biosynthesis of cofactors
r0560	Valine, leucine and isoleucine degradation	Metabolic pathways
ECOAH12m	Valine, leucine and isoleucine degradation	Metabolic pathways
3HBCOAHLm	Valine, leucine and isoleucine degradation	Metabolic pathways
HIBDm	Valine, leucine and isoleucine degradation	Metabolic pathways
ACCOALm	Metabolic pathways
MMSAD1m	Propanoate metabolism	Metabolic pathways
PPCOACm	Valine, leucine and isoleucine degradation	Glyoxylate and dicarboxylate metabolism	Propanoate metabolism	Other carbon fixation pathways	Metabolic pathways	Biosynthesis of secondary metabolites	Microbial metabolism in diverse environments	Carbon metabolism
MMEm	Valine, leucine and isoleucine degradation	Glyoxylate and dicarboxylate metabolism	Propanoate metabolism	Other carbon fixation pathways	Metabolic pathways	Microbial metabolism in diverse environments	Carbon metabolism
MMMm	Valine, leucine and isoleucine degradation	Glyoxylate and dicarboxylate metabolism	Propanoate metabolism	Other carbon fixation pathways	Metabolic pathways	Microbial metabolism in diverse environments	Carbon metabolism
MMCDm	Propanoate metabolism	Metabolic pathways
THRD_L	Glycine, serine and threonine metabolism	Valine, leucine and isoleucine biosynthesis	Metabolic pathways	Biosynthesis of secondary metabolites	Biosynthesis of amino acids
r1154	Glycolysis / Gluconeogenesis	Citrate cycle (TCA cycle)	Valine, leucine and isoleucine degradation	Lysine degradation	Pyruvate metabolism	Propanoate metabolism	Lipoic acid metabolism	Metabolic pathways	Biosynthesis of secondary metabolites	Biosynthesis of cofactors
2HBO	Propanoate metabolism
METAT	Cysteine and methionine metabolism	One carbon pool by folate	Biosynthesis of various plant secondary metabolites	Metabolic pathways	Biosynthesis of secondary metabolites	Biosynthesis of amino acids	Biosynthesis of cofactors
AHC	Cysteine and methionine metabolism	One carbon pool by folate	Metabolic pathways
ADNK1	Purine metabolism	Metabolic pathways	Nucleotide metabolism
CYSTS	Glycine, serine and threonine metabolism	Cysteine and methionine metabolism	One carbon pool by folate	Metabolic pathways	Biosynthesis of secondary metabolites	Biosynthesis of amino acids
CYSTGL	Glycine, serine and threonine metabolism	Cysteine and methionine metabolism	One carbon pool by folate	Metabolic pathways	Biosynthesis of secondary metabolites	Biosynthesis of amino acids
CYSO	Cysteine and methionine metabolism	Taurine and hypotaurine metabolism	Metabolic pathways
3SALATAi	Cysteine and methionine metabolism	Metabolic pathways
3SPYRSP	Cysteine and methionine metabolism	Metabolic pathways
CYSTA	Cysteine and methionine metabolism	Metabolic pathways
CYSTAm	Cysteine and methionine metabolism	Metabolic pathways
MCPST	
MCPSTm_mitoMap	
r0595m_mitoMap	Cysteine and methionine metabolism	Metabolic pathways
r0595B_mitoMap	Cysteine and methionine metabolism	Metabolic pathways
MCLOR	Cysteine and methionine metabolism	Metabolic pathways
r0193	Cysteine and methionine metabolism	Metabolic pathways
TRPO2	Tryptophan metabolism	Metabolic pathways	Biosynthesis of cofactors
FKYNH	Tryptophan metabolism	Glyoxylate and dicarboxylate metabolism	Metabolic pathways	Biosynthesis of cofactors
KYN3OX	Tryptophan metabolism	Metabolic pathways	Biosynthesis of cofactors
HKYNH	Tryptophan metabolism	Metabolic pathways	Biosynthesis of cofactors
3HAO	Tryptophan metabolism	Metabolic pathways	Biosynthesis of cofactors
PCLAD	Tryptophan metabolism	Metabolic pathways
r0645	Tryptophan metabolism	Metabolic pathways
AMCOXO	Tryptophan metabolism	Metabolic pathways
AMCOXO2_mitoMap	Tryptophan metabolism	Metabolic pathways
2OXOADPTmB_mitoMap	
2OXOADPTmC_mitoMap	
2OXOADOXm	Tryptophan metabolism	Metabolic pathways	Biosynthesis of secondary metabolites	2-Oxocarboxylic acid metabolism
r0541	Fatty acid degradation
SACCD3m	Lysine degradation	Metabolic pathways	Biosynthesis of secondary metabolites
r0525	Lysine degradation	Metabolic pathways	Biosynthesis of secondary metabolites
AASAD3m	Lysine degradation	Metabolic pathways	Biosynthesis of secondary metabolites	Microbial metabolism in diverse environments
R03103_mitoMap	Lysine degradation	Metabolic pathways	Biosynthesis of secondary metabolites	Microbial metabolism in diverse environments
r0450	Lysine biosynthesis	Lysine degradation	Metabolic pathways	Biosynthesis of secondary metabolites	Microbial metabolism in diverse environments	2-Oxocarboxylic acid metabolism	Biosynthesis of amino acids
LYSOXc_mitoMap	Lysine degradation	Tropane, piperidine and pyridine alkaloid biosynthesis	Metabolic pathways
PPD2CSPc_mitoMap	Lysine degradation	Tropane, piperidine and pyridine alkaloid biosynthesis	Metabolic pathways	Microbial metabolism in diverse environments
1PPDCRc_mitoMap	Lysine degradation	Tropane, piperidine and pyridine alkaloid biosynthesis	Metabolic pathways	Microbial metabolism in diverse environments
1PPDCRc_NADPH_mitoMap	Lysine degradation	Tropane, piperidine and pyridine alkaloid biosynthesis	Metabolic pathways	Microbial metabolism in diverse environments
LPCOXc_mitoMap	Lysine degradation	Metabolic pathways	Microbial metabolism in diverse environments
RE1254C	Lysine degradation	Tropane, piperidine and pyridine alkaloid biosynthesis	Metabolic pathways	Biosynthesis of secondary metabolites	Microbial metabolism in diverse environments
r0594	Lysine degradation	Metabolic pathways	Biosynthesis of secondary metabolites	Microbial metabolism in diverse environments
2AMADPTmB_mitoMap	
2AMADPTmC_mitoMap	
PROD2mB_mitoMap	Arginine and proline metabolism	Metabolic pathways	Biosynthesis of secondary metabolites
G5SADrm	Arginine and proline metabolism	Carbapenem biosynthesis	Metabolic pathways	Biosynthesis of secondary metabolites	Biosynthesis of amino acids
r0074	Arginine and proline metabolism	Metabolic pathways
GLU5Km	Arginine and proline metabolism	Carbapenem biosynthesis	Metabolic pathways	Biosynthesis of secondary metabolites	Biosynthesis of amino acids
G5SDym	Arginine and proline metabolism	Carbapenem biosynthesis	Metabolic pathways	Biosynthesis of secondary metabolites	Biosynthesis of amino acids
P5CRm	Arginine and proline metabolism	Metabolic pathways	Biosynthesis of secondary metabolites	Biosynthesis of amino acids
P5CRxm	Arginine and proline metabolism	Metabolic pathways	Biosynthesis of secondary metabolites	Biosynthesis of amino acids
ORNTArm	Arginine and proline metabolism	Metabolic pathways	Biosynthesis of secondary metabolites
ORNDC	Arginine and proline metabolism	Glutathione metabolism	Metabolic pathways	Biosynthesis of secondary metabolites
PTRCOX1	Arginine and proline metabolism	Metabolic pathways
r0464c_mitoMap	Arginine and proline metabolism	Metabolic pathways
ABUTD	Arginine and proline metabolism	beta-Alanine metabolism	Metabolic pathways
ARGDCm	Arginine and proline metabolism	Metabolic pathways	Biosynthesis of secondary metabolites
AGMTm	Arginine and proline metabolism	Metabolic pathways	Biosynthesis of secondary metabolites
PTRCAT1m_mitoMap	Arginine and proline metabolism	Metabolic pathways
APRTO2m_mitoMap	Arginine and proline metabolism	Metabolic pathways
NABTNOm	Arginine and proline metabolism	Metabolic pathways
4aabutn_mitoMap	Arginine and proline metabolism	Metabolic pathways
GLUDC	Alanine, aspartate and glutamate metabolism	Butanoate metabolism	Metabolic pathways	Microbial metabolism in diverse environments
ABTArm	Alanine, aspartate and glutamate metabolism	Butanoate metabolism	Metabolic pathways	Microbial metabolism in diverse environments
r0178	Alanine, aspartate and glutamate metabolism	Tyrosine metabolism	Butanoate metabolism	Nicotinate and nicotinamide metabolism	Metabolic pathways	Microbial metabolism in diverse environments
GLUDxm	Arginine biosynthesis	Alanine, aspartate and glutamate metabolism	Taurine and hypotaurine metabolism	Nitrogen metabolism	Metabolic pathways	Microbial metabolism in diverse environments
GLUDym	Arginine biosynthesis	Alanine, aspartate and glutamate metabolism	Nitrogen metabolism	Metabolic pathways	Microbial metabolism in diverse environments	Carbon metabolism
GLUDxi	Arginine biosynthesis	Alanine, aspartate and glutamate metabolism	Taurine and hypotaurine metabolism	Nitrogen metabolism	Metabolic pathways	Microbial metabolism in diverse environments
GLUDy	Arginine biosynthesis	Alanine, aspartate and glutamate metabolism	Nitrogen metabolism	Metabolic pathways	Microbial metabolism in diverse environments	Carbon metabolism
GLNS	Arginine biosynthesis	Alanine, aspartate and glutamate metabolism	Glyoxylate and dicarboxylate metabolism	Nitrogen metabolism	Metabolic pathways	Biosynthesis of secondary metabolites	Microbial metabolism in diverse environments	Biosynthesis of amino acids
GLUNm	Arginine biosynthesis	Alanine, aspartate and glutamate metabolism	Metabolic pathways	Biosynthesis of secondary metabolites
GLUN_mitoMap	Arginine biosynthesis	Alanine, aspartate and glutamate metabolism	Metabolic pathways	Biosynthesis of secondary metabolites
PGCD	Glycine, serine and threonine metabolism	Cysteine and methionine metabolism	Methane metabolism	Metabolic pathways	Biosynthesis of secondary metabolites	Microbial metabolism in diverse environments	Carbon metabolism	Biosynthesis of amino acids
PSERT	Glycine, serine and threonine metabolism	Cysteine and methionine metabolism	Methane metabolism	Metabolic pathways	Biosynthesis of secondary metabolites	Microbial metabolism in diverse environments	Carbon metabolism	Biosynthesis of amino acids
PSP_L	Glycine, serine and threonine metabolism	Methane metabolism	Metabolic pathways	Biosynthesis of secondary metabolites	Microbial metabolism in diverse environments	Carbon metabolism	Biosynthesis of amino acids
GHMT2r	Glycine, serine and threonine metabolism	Cyanoamino acid metabolism	Glyoxylate and dicarboxylate metabolism	One carbon pool by folate	Methane metabolism	Metabolic pathways	Biosynthesis of secondary metabolites	Microbial metabolism in diverse environments	Carbon metabolism	Biosynthesis of amino acids	Biosynthesis of cofactors
FOLR2	One carbon pool by folate	Folate biosynthesis	Metabolic pathways	Biosynthesis of cofactors
DHFR	One carbon pool by folate	Folate biosynthesis	Metabolic pathways	Biosynthesis of cofactors
MTHFD	One carbon pool by folate	Other carbon fixation pathways	Metabolic pathways	Microbial metabolism in diverse environments	Carbon metabolism	Biosynthesis of cofactors
MTHFC	One carbon pool by folate	Other carbon fixation pathways	Metabolic pathways	Microbial metabolism in diverse environments	Carbon metabolism	Biosynthesis of cofactors
FTCD	One carbon pool by folate	Metabolic pathways
FTHFL	One carbon pool by folate	Other carbon fixation pathways	Metabolic pathways	Microbial metabolism in diverse environments	Carbon metabolism	Biosynthesis of cofactors
FTHFDH	One carbon pool by folate	Metabolic pathways
r0060	Glycine, serine and threonine metabolism	Metabolic pathways	Biosynthesis of secondary metabolites	Carbon metabolism	Biosynthesis of amino acids
GHMT2rm	Glycine, serine and threonine metabolism	Cyanoamino acid metabolism	Glyoxylate and dicarboxylate metabolism	One carbon pool by folate	Methane metabolism	Metabolic pathways	Biosynthesis of secondary metabolites	Microbial metabolism in diverse environments	Carbon metabolism	Biosynthesis of amino acids	Biosynthesis of cofactors
GCCam	Glycine, serine and threonine metabolism	Lipoic acid metabolism	Metabolic pathways	Carbon metabolism
GCCbim	Glycine, serine and threonine metabolism	One carbon pool by folate	Lipoic acid metabolism	Metabolic pathways	Carbon metabolism
GCCcm	Glycine, serine and threonine metabolism	Lipoic acid metabolism	Metabolic pathways	Carbon metabolism
r0514	One carbon pool by folate	Folate biosynthesis	Metabolic pathways	Biosynthesis of cofactors
r0226	One carbon pool by folate	Folate biosynthesis	Metabolic pathways	Biosynthesis of cofactors
MTHFDm	One carbon pool by folate	Other carbon fixation pathways	Metabolic pathways	Microbial metabolism in diverse environments	Carbon metabolism	Biosynthesis of cofactors
MTHFD2m	One carbon pool by folate	Metabolic pathways	Biosynthesis of cofactors
MTHFCm	One carbon pool by folate	Other carbon fixation pathways	Metabolic pathways	Microbial metabolism in diverse environments	Carbon metabolism	Biosynthesis of cofactors
FTHFLm	One carbon pool by folate	Other carbon fixation pathways	Metabolic pathways	Microbial metabolism in diverse environments	Carbon metabolism	Biosynthesis of cofactors
FTHFDHm_mitoMap	One carbon pool by folate	Metabolic pathways
GLYATm	Glycine, serine and threonine metabolism	Metabolic pathways
AOBUTDsm	Glycine, serine and threonine metabolism	Metabolic pathways
AACTOORm_mitoMap	Glycine, serine and threonine metabolism	Metabolic pathways
LGTHLm_mitoMap	Pyruvate metabolism	Metabolic pathways
GLYOXm	Pyruvate metabolism	Metabolic pathways
LDH_Dm_mitoMap	Pyruvate metabolism	Metabolic pathways	Microbial metabolism in diverse environments
CBPSam	Arginine biosynthesis	Alanine, aspartate and glutamate metabolism	Nitrogen metabolism	Metabolic pathways	Microbial metabolism in diverse environments	Carbon metabolism	Biosynthesis of amino acids
OCBTm	Arginine biosynthesis	Metabolic pathways	Biosynthesis of secondary metabolites	Biosynthesis of amino acids
NOS1	Arginine and proline metabolism	Metabolic pathways
NOS2	Arginine and proline metabolism	Metabolic pathways
r0129	Glutathione metabolism	Metabolic pathways
AMPTASECG	Glutathione metabolism	Metabolic pathways
GLUCYS	Glutathione metabolism	Metabolic pathways	Biosynthesis of cofactors
GTHS	Glutathione metabolism	Metabolic pathways	Biosynthesis of cofactors
r0399	Phenylalanine metabolism	Phenylalanine, tyrosine and tryptophan biosynthesis	Metabolic pathways	Biosynthesis of amino acids
DHPR	Folate biosynthesis	Metabolic pathways
TYRTA	Ubiquinone and other terpenoid-quinone biosynthesis	Tyrosine metabolism	Phenylalanine, tyrosine and tryptophan biosynthesis	Novobiocin biosynthesis	Isoquinoline alkaloid biosynthesis	Metabolic pathways	Biosynthesis of secondary metabolites	2-Oxocarboxylic acid metabolism	Biosynthesis of amino acids
TYRTB_mitoMap	Tyrosine metabolism	Phenylalanine, tyrosine and tryptophan biosynthesis	Isoquinoline alkaloid biosynthesis	Metabolic pathways	Biosynthesis of secondary metabolites
34HPPOR	Ubiquinone and other terpenoid-quinone biosynthesis	Tyrosine metabolism	Metabolic pathways	Biosynthesis of cofactors
HGNTOR	Tyrosine metabolism	Styrene degradation	Metabolic pathways	Microbial metabolism in diverse environments
MACACI	Tyrosine metabolism	Styrene degradation	Metabolic pathways	Microbial metabolism in diverse environments
FUMAC	Tyrosine metabolism	Styrene degradation	Metabolic pathways	Microbial metabolism in diverse environments
ASNS1	Alanine, aspartate and glutamate metabolism	Metabolic pathways	Biosynthesis of secondary metabolites	Biosynthesis of amino acids
r0127	Alanine, aspartate and glutamate metabolism	Cyanoamino acid metabolism	Metabolic pathways	Biosynthesis of secondary metabolites
HISD	Histidine metabolism	Metabolic pathways
URCN	Histidine metabolism	Metabolic pathways
IZPN	Histidine metabolism	Metabolic pathways
GluForTx	Histidine metabolism	One carbon pool by folate	Metabolic pathways
APAT2rm	beta-Alanine metabolism	Propanoate metabolism	Metabolic pathways
MMSAD3m	beta-Alanine metabolism	Inositol phosphate metabolism	Propanoate metabolism	Metabolic pathways	Carbon metabolism
MMSAD3m2_mitoMap	beta-Alanine metabolism	Inositol phosphate metabolism	Propanoate metabolism	Metabolic pathways	Carbon metabolism
ASP1DC	beta-Alanine metabolism	Pantothenate and CoA biosynthesis	Metabolic pathways	Biosynthesis of secondary metabolites	Biosynthesis of cofactors
CKc	Arginine and proline metabolism	Metabolic pathways
CK	Arginine and proline metabolism	Metabolic pathways
ACOAHi	Pyruvate metabolism	Metabolic pathways
ALCD2yf	Glycolysis / Gluconeogenesis	Pyruvate metabolism	Metabolic pathways	Biosynthesis of secondary metabolites	Microbial metabolism in diverse environments
ALCD2if	Glycolysis / Gluconeogenesis	Pyruvate metabolism	Metabolic pathways	Biosynthesis of secondary metabolites	Microbial metabolism in diverse environments
ALDD2xm	Glycolysis / Gluconeogenesis	Pyruvate metabolism	Metabolic pathways	Biosynthesis of secondary metabolites	Microbial metabolism in diverse environments
ALDD2x	Glycolysis / Gluconeogenesis	Pyruvate metabolism	Metabolic pathways	Biosynthesis of secondary metabolites	Microbial metabolism in diverse environments
ACSm	Glycolysis / Gluconeogenesis	Glyoxylate and dicarboxylate metabolism	Methane metabolism	Other carbon fixation pathways	Metabolic pathways	Biosynthesis of secondary metabolites	Microbial metabolism in diverse environments	Carbon metabolism
ACS	Glycolysis / Gluconeogenesis	Glyoxylate and dicarboxylate metabolism	Methane metabolism	Other carbon fixation pathways	Metabolic pathways	Biosynthesis of secondary metabolites	Microbial metabolism in diverse environments	Carbon metabolism
ADSL1	Purine metabolism	Alanine, aspartate and glutamate metabolism	Metabolic pathways	Nucleotide metabolism	Biosynthesis of cofactors
ADSS	Purine metabolism	Alanine, aspartate and glutamate metabolism	Metabolic pathways	Nucleotide metabolism	Biosynthesis of cofactors
AMPD1	Purine metabolism	Metabolic pathways	Biosynthesis of secondary metabolites	Nucleotide metabolism
ARGN	Arginine biosynthesis	Arginine and proline metabolism	Metabolic pathways	Biosynthesis of secondary metabolites	Biosynthesis of amino acids
ARGSL	Arginine biosynthesis	Alanine, aspartate and glutamate metabolism	Metabolic pathways	Biosynthesis of secondary metabolites	Biosynthesis of amino acids
ARGSS	Arginine biosynthesis	Alanine, aspartate and glutamate metabolism	Metabolic pathways	Biosynthesis of secondary metabolites	Biosynthesis of amino acids
ARGNm	Arginine biosynthesis	Arginine and proline metabolism	Metabolic pathways	Biosynthesis of secondary metabolites	Biosynthesis of amino acids
ALASm	Glycine, serine and threonine metabolism	Porphyrin metabolism	Metabolic pathways	Biosynthesis of secondary metabolites	Biosynthesis of cofactors
PPBNGS	Porphyrin metabolism	Metabolic pathways	Biosynthesis of secondary metabolites	Microbial metabolism in diverse environments	Biosynthesis of cofactors
HMBS	Porphyrin metabolism	Metabolic pathways	Biosynthesis of secondary metabolites	Microbial metabolism in diverse environments	Biosynthesis of cofactors
UPP3S	Porphyrin metabolism	Metabolic pathways	Biosynthesis of secondary metabolites	Microbial metabolism in diverse environments	Biosynthesis of cofactors
UPPDC1	Porphyrin metabolism	Metabolic pathways	Biosynthesis of secondary metabolites	Biosynthesis of cofactors
CPPPGO	Porphyrin metabolism	Metabolic pathways	Biosynthesis of secondary metabolites	Biosynthesis of cofactors
PPPGOmB_mitoMap	Porphyrin metabolism	Metabolic pathways	Biosynthesis of secondary metabolites	Biosynthesis of cofactors
FCLTm	Porphyrin metabolism	Metabolic pathways	Biosynthesis of secondary metabolites	Biosynthesis of cofactors
HOXG	Porphyrin metabolism	Metabolic pathways	Biosynthesis of secondary metabolites
BILIRED	Porphyrin metabolism	Metabolic pathways	Biosynthesis of secondary metabolites
BILIRED2_mitoMap	Porphyrin metabolism	Metabolic pathways	Biosynthesis of secondary metabolites
PCHOLPm_hs	Glycerophospholipid metabolism	Metabolic pathways	Biosynthesis of secondary metabolites
GLYK	Glycerolipid metabolism	Metabolic pathways
GPAMm_hsB_mitoMap	Glycerolipid metabolism	Glycerophospholipid metabolism	Metabolic pathways	Biosynthesis of secondary metabolites
AGPAT1B_mitoMap	Glycerolipid metabolism	Glycerophospholipid metabolism	Metabolic pathways	Biosynthesis of secondary metabolites
CDSm	Glycerophospholipid metabolism	Metabolic pathways	Biosynthesis of secondary metabolites
PGPPTm	Glycerophospholipid metabolism	Metabolic pathways
PGPP_hsm_mitoMap	Glycerophospholipid metabolism	Metabolic pathways
CLS_hsm_mitoMap	Glycerophospholipid metabolism	Metabolic pathways
CLPN_mitoMap	Glycerophospholipid metabolism	Metabolic pathways
CYTK1m	Pyrimidine metabolism	Metabolic pathways	Nucleotide metabolism
NDPK3m	Pyrimidine metabolism	Metabolic pathways	Nucleotide metabolism	Biosynthesis of cofactors
SPODMm	
GTHP	Glutathione metabolism	Metabolic pathways
GTHPm	Glutathione metabolism	Metabolic pathways
GTHO	Glutathione metabolism	Metabolic pathways
GTHOm	Glutathione metabolism	Metabolic pathways
