Hk1	HEX1
Hk2	HEX1
Hk3	HEX1
Gck	HEX1
HK1	HEX1
HK2	HEX1
HK3	HEX1
GCK	HEX1
G6pc	G6PPer
G6PC	G6PPer
Gpi1	PGI
GPI	PGI
Pfkm	PFK
PFKM	PFK
Fbp1	FBP
Fbp2	FBP
FBP1	FBP
FBP2	FBP
Aldoa	FBA
Aldoc	FBA
ALDOA	FBA
ALDOC	FBA
Tpi1	TPI
TPI1	TPI
Gapdh	GAPD
GAPDH	GAPD
Pgk1	PGK
PGK1	PGK
Pgam1	PGM
Pgam2	PGM
PGAM1	PGM
PGAM2	PGM
Eno1	ENO
Eno2	ENO
Eno3	ENO
ENO1	ENO
ENO2	ENO
ENO3	ENO
Pkm	PYK	r0122
PKM	PYK	r0122
Pck1	PEPCK
PCK1	PEPCK
Ldhb	LDH_L	2HBO	MCLOR
LDHB	LDH_L	2HBO	MCLOR
G6pd2	G6PDH2r
G6PD	G6PDH2r
Pgls	PGL
PGLS	PGL
Pgd	GND
PGD	GND
Rpia	RPI
RPIA	RPI
Rpe	RPE
RPEL1	RPE
Tkt	TKT1	TKT2
TKT	TKT1	TKT2
Taldo1	TALA
TALDO1	TALA
Pdha1	PDHm
Pdhb	PDHm
Dlat	PDHm
Dld	PDHm	AKGDm	OIVD1m	OIVD3m	OIVD2m	r1154	2OXOADOXm	GCCcm
PDHA1	PDHm
PDHB	PDHm
DLAT	PDHm
DLD	PDHm	AKGDm	OIVD1m	OIVD3m	OIVD2m	2OXOADOXm	GCCcm
Cs	CSm
CS	CSm
Aco2	ACONTm
ACO2	ACONTm
Idh3a	ICDHxm
Idh3v	ICDHxm
Idh3g	ICDHxm
IDH3A	ICDHxm
IDH3B	ICDHxm
IDH3G	ICDHxm
Idh2	ICDHyrm
IDH2	ICDHyrm
Ogdh	AKGDm
Dlst	AKGDm	2OXOADOXm
OGDH	AKGDm	2OXOADOXm
DLST	AKGDm	2OXOADOXm
Suclg1	SUCOAS1m
Suclg2	SUCOAS1m
SUCLG1	SUCOAS1m
SUCLG2	SUCOAS1m
Sucla2	SUCOASm
SUCLA2	SUCOASm
Fh1	FUMm	FUM
FH	FUMm	FUM
Mdh2	MDHm
MDH2	MDHm
Ndufs7	CI_mitoMap
Ndufs8	CI_mitoMap
Ndufv2	CI_mitoMap
Ndufs3	CI_mitoMap
Ndufs2	CI_mitoMap
Ndufv1	CI_mitoMap
Ndufs1	CI_mitoMap
mt-Nd1	CI_mitoMap
mt-Nd2	CI_mitoMap
mt-Nd3	CI_mitoMap
mt-Nd4	CI_mitoMap
mt-Nd4l	CI_mitoMap
mt-Nd5	CI_mitoMap
mt-Nd6	CI_mitoMap
Ndufs6	CI_mitoMap
Ndufa12	CI_mitoMap
Ndufs4	CI_mitoMap
Ndufa9	CI_mitoMap
Ndufab1	CI_mitoMap
Ndufa2	CI_mitoMap
Ndufb3	CI_mitoMap
Ndufa5	CI_mitoMap
Ndufa6	CI_mitoMap
Ndufa11	CI_mitoMap
Ndufb11	CI_mitoMap
NDUFB11b	CI_mitoMap
Ndufs5	CI_mitoMap
Ndufb4	CI_mitoMap
Ndufa13	CI_mitoMap
Ndufb7	CI_mitoMap
Ndufa8	CI_mitoMap
Ndufb9	CI_mitoMap
Ndufb10	CI_mitoMap
Ndufb8	CI_mitoMap
Ndufc2	CI_mitoMap
Ndufb2	CI_mitoMap
Ndufa7	CI_mitoMap
Ndufa3	CI_mitoMap
Ndufb5	CI_mitoMap
Ndufb1	CI_mitoMap
Ndufc1	CI_mitoMap
Ndufa10	CI_mitoMap
Ndufa4	CI_mitoMap
Ndufa4l2	CI_mitoMap
Ndufv3	CI_mitoMap
Ndufb6	CI_mitoMap
NDUFS7	CI_mitoMap
NDUFS8	CI_mitoMap
NDUFV2	CI_mitoMap
NDUFS3	CI_mitoMap
NDUFS2	CI_mitoMap
NDUFV1	CI_mitoMap
NDUFS1	CI_mitoMap
MT-ND1	CI_mitoMap
MT-ND2	CI_mitoMap
MT-ND3	CI_mitoMap
MT-ND4	CI_mitoMap
MT-ND4L	CI_mitoMap
MT-ND5and MT-ND6	CI_mitoMap
NDUFS6	CI_mitoMap
NDUFA12	CI_mitoMap
NDUFS4	CI_mitoMap
NDUFA9	CI_mitoMap
NDUFAB1	CI_mitoMap
NDUFA2	CI_mitoMap
NDUFB3	CI_mitoMap
NDUFA5	CI_mitoMap
NDUFA6	CI_mitoMap
NDUFA11	CI_mitoMap
NDUFB11	CI_mitoMap
NDUFS5	CI_mitoMap
NDUFB4	CI_mitoMap
NDUFA13	CI_mitoMap
NDUFB7	CI_mitoMap
NDUFA8	CI_mitoMap
NDUFB9	CI_mitoMap
NDUFB10	CI_mitoMap
NDUFB8	CI_mitoMap
NDUFC2	CI_mitoMap
NDUFB2	CI_mitoMap
NDUFA7	CI_mitoMap
NDUFA3	CI_mitoMap
NDUFB5	CI_mitoMap
NDUFB1	CI_mitoMap
NDUFC1	CI_mitoMap
NDUFA10	CI_mitoMap
NDUFA4	CI_mitoMap
NDUFA4L2	CI_mitoMap
NDUFV3	CI_mitoMap
NDUFB6	CI_mitoMap
Sdha	CII_mitoMap
Sdhb	CII_mitoMap
Sdhc	CII_mitoMap
SDHA	CII_mitoMap
SDHB	CII_mitoMap
SDHC	CII_mitoMap
mt-Cytb	CIII_mitoMap
Cyc1	CIII_mitoMap
Cycs	CIII_mitoMap
Uqcrfs1	CIII_mitoMap
Uqcrb	CIII_mitoMap
Uqcrh	CIII_mitoMap
Uqcrc2	CIII_mitoMap
Uqcrc1	CIII_mitoMap
Uqcr11	CIII_mitoMap
Uqcr10	CIII_mitoMap
Ttc19	CIII_mitoMap
mt-Co1	CIV_mitoMap
mt-Co2	CIV_mitoMap
mt-Co3	CIV_mitoMap
Cox4i1	CIV_mitoMap
Cox4i2	CIV_mitoMap
Cox5a	CIV_mitoMap
Cox5b	CIV_mitoMap
Cox6a1	CIV_mitoMap
Cox6a2	CIV_mitoMap
Cox6b1	CIV_mitoMap
Cox6b2	CIV_mitoMap
Cox6c	CIV_mitoMap
Cox7a1	CIV_mitoMap
Cox7a2	CIV_mitoMap
Cox7a2l	CIV_mitoMap
Cox7b	CIV_mitoMap
Cox7c	CIV_mitoMap
Cox8a	CIV_mitoMap
Cox8c	CIV_mitoMap
MT-CO1	CIV_mitoMap
MT-CO2	CIV_mitoMap
MT-CO3	CIV_mitoMap
COX4I1	CIV_mitoMap
COX4I2	CIV_mitoMap
COX5A	CIV_mitoMap
COX5B	CIV_mitoMap
COX6A1	CIV_mitoMap
COX6A2	CIV_mitoMap
COX6B1	CIV_mitoMap
COX6B2	CIV_mitoMap
COX6C	CIV_mitoMap
COX7A1	CIV_mitoMap
COX7A2	CIV_mitoMap
COX7A2L	CIV_mitoMap
COX7B	CIV_mitoMap
COX7C	CIV_mitoMap
COX8A	CIV_mitoMap
COX8C	CIV_mitoMap
Atp5a1	CV_mitoMap
Atp5b	CV_mitoMap
Atp5c1	CV_mitoMap
Atp5d	CV_mitoMap
Atp5e	CV_mitoMap
Atp5pb	CV_mitoMap
Atp5h	CV_mitoMap
Atp5k	CV_mitoMap
Atp5j	CV_mitoMap
Atp5j2	CV_mitoMap
Atp5l	CV_mitoMap
Atp5o	CV_mitoMap
mt-Atp6	CV_mitoMap
mt-Atp8	CV_mitoMap
Atp5g1	CV_mitoMap
Atp5g2	CV_mitoMap
Atp5g3	CV_mitoMap
ATP5A1	CV_mitoMap
ATP5B	CV_mitoMap
ATP5C1	CV_mitoMap
ATP5D	CV_mitoMap
ATP5E	CV_mitoMap
ATP5F1	CV_mitoMap
ATP5H	CV_mitoMap
ATP5I	CV_mitoMap
ATP5J	CV_mitoMap
ATP5J2	CV_mitoMap
ATP5L	CV_mitoMap
ATP5L2	CV_mitoMap
ATP5O	CV_mitoMap
MT-ATP6	CV_mitoMap
MT-ATP8	CV_mitoMap
ATP5G1	CV_mitoMap
ATP5G2	CV_mitoMap
ATP5G3	CV_mitoMap
Pck2	PEPCKm
PCK2	PEPCKm
Pcx	PCm
PC	PCm
Me3	ME2m
ME3	ME2m
Me2	ME1m
ME2	ME1m
Gpt2	r0081
GPT2	r0081
Acly	ACITLm_mitoMap	ACITL
ACLY	ACITLm_mitoMap	ACITL
Nme4	NDPK1m	NDPK3m
NME4	NDPK1m	NDPK3m
Nnt	NNT_mitoMap
NNT	NNT_mitoMap
Ak2	ADK1m
Ak3	ADK1m
AK2	ADK1m
AK3	ADK1m
Me1	ME2
ME1	ME2
Gpt	ALATA_L
GPT	ALATA_L
Gm20390	NDPK1
Nme3	NDPK1
Nme6	NDPK1
Nme7	NDPK1
Cmpk1	NDPK1
Ak1	NDPK1	ADK1
Ak4	NDPK1
Ak5	NDPK1
Ak7	NDPK1
Ak8	NDPK1
Ak9	NDPK1
NME2	NDPK1
NME3	NDPK1
NME6	NDPK1
NME7	NDPK1
CMPK1	NDPK1
AK1	NDPK1	ADK1
AK4	NDPK1
AK5	NDPK1
AK7	NDPK1
AK8	NDPK1
AK9	NDPK1
Idh1	ICDHy
IDH1	ICDHy
Aco1	ACONT
ACO1	ACONT
Got1	ASPTA	3SALATAi	CYSTA	TYRTA
GOT1	ASPTA	3SALATAi	CYSTA	TYRTA
Mdh1	MDH
MDH1	MDH
Slc25a11	AKGMALtm
SLC25A11	AKGMALtm
Slc25a12	ASPGLUmB_mitoMap
Slc25a13	ASPGLUmB_mitoMap
SLC25A12	ASPGLUmB_mitoMap
SLC25A13	ASPGLUmB_mitoMap
Got2	ASPTAm	CYSTAm
GOT2	ASPTAm	CYSTAm
Gpd1	G3PD1
Gpd1l	G3PD1
GPD1	G3PD1
GPD1L	G3PD1
Gpd2	r0205
GPD2	r0205
Acsl1	FACOAL160i
Acsl3	FACOAL160i
Acsl4	FACOAL160i
Acsbg1	FACOAL160i
Acsl6	FACOAL160i
Acsl5	FACOAL160i
Acsbg2	FACOAL160i
ACSL1	FACOAL160i
ACSL3	FACOAL160i
ACSL4	FACOAL160i
ACSBG1	FACOAL160i
ACSL6	FACOAL160i
ACSL5	FACOAL160i
ACSBG2	FACOAL160i
Cpt1b	C160CPT1
CPT1B	C160CPT1
Ppa1	PPA
PPA1	PPA
Slc25a20	r2435
SLC25A20	r2435
Cpt2	C160CPT2
CPT2	C160CPT2
Ppa2	PPAm
PPA2	PPAm
Acot2	ACOT2_mitoMap	RE2649M
ACOT2	ACOT2_mitoMap	RE2649M
Acadl	ACADLC16_mitoMap	ACADLC14_mitoMap
Etfdh	ACADLC16_mitoMap	ACADLC14_mitoMap	r1447_mitoMap	r1451	r1448	r1450	r1446
ACADL	ACADLC16_mitoMap	ACADLC14_mitoMap
ETFDH	ACADLC16_mitoMap	ACADLC14_mitoMap	r1447_mitoMap	r1451	r1448	r1450	r1446
Mecr	MECR16C_mitoMap	MECR14C_mitoMap	r0638	r0735	r0633	r0791
MECR	MECR16C_mitoMap	MECR14C_mitoMap	r0638	r0735	r0633	r0791
Hadha	MTPC16_mitoMap	MTPC14_mitoMap
Hadhb	MTPC16_mitoMap	MTPC14_mitoMap
HADHA	MTPC16_mitoMap	MTPC14_mitoMap
HADHB	MTPC16_mitoMap	MTPC14_mitoMap
Acadm	r1447_mitoMap	r1451	r1448	r1450
ACADM	r1447_mitoMap	r1451	r1448	r1450
Echs1	r0660	r0728	r0731	r0734	ECOAH1m	ECOAH9m	ECOAH12m
ECHS1	r0660	r0728	r0731	r0734	ECOAH1m	ECOAH9m	ECOAH12m
Hadh	r0722	r0726	r0730	r0733	HACD1m	HACD9m	HIBDm
HADH	r0722	r0726	r0730	r0733	HACD1m	HACD9m	HIBDm
Acaa2	r0724	r0634	r0732	r0287	ACACT10m
ACAA2	r0724	r0634	r0732	r0287	ACACT10m
Acads	r1446	r0603	r0560
ACADS	r1446	r0603	r0560
Acat1	ACACT1rm
ACAT1	ACACT1rm
Acaca	ACCOAC
Acacb	ACCOAC
ACACA	ACCOAC
ACACB	ACCOAC
Fasn	MCOATA	ACOATA	r0678	r0691	r0681	r0682	r0760	r0762	r0763	r0764	r0695	r0766	r0692	r0693	r0767	r0768	r0769	r0770	r0712	r0713	r0771	r0772	r0697	r0773	FA160ACPH
FASN	MCOATA	ACOATA	r0678	r0691	r0681	r0682	r0760	r0762	r0763	r0764	r0695	r0766	r0692	r0693	r0767	r0768	r0769	r0770	r0712	r0713	r0771	r0772	r0697	r0773	FA160ACPH
Fasn of FASN	r0761	r0694	r0765	r0701	r0702	r0696
Acsm3	FACOAL40im
ACSM3	FACOAL40im
ACSM6	FACOAL40im
Bdh1	BDHm
BDH1	BDHm
Oxct1	OCOAT1m
OXCT1	OCOAT1m
Hmgcs2	HMGCOASim
HMGCS2	HMGCOASim
Hmgcl	HMGLm
HMGCL	HMGLm
Bcat2	LEUTAm	ILETAm	VALTAm
BCAT2	LEUTAm	ILETAm	VALTAm
Bckdha	OIVD1m	OIVD3m	OIVD2m	r1154
Bckdhb	OIVD1m	OIVD3m	OIVD2m	r1154
Dbt	OIVD1m	OIVD3m	OIVD2m	r1154
BCKDHA	OIVD1m	OIVD3m	OIVD2m
BCKDHB	OIVD1m	OIVD3m	OIVD2m
DBT	OIVD1m	OIVD3m	OIVD2m
Ivd	r0655
IVD	r0655
Mccc1	MCCCrm
Mccc2	MCCCrm
MCCC1	MCCCrm
MCCC2	MCCCrm
Auh	MGCHrm
AUH	MGCHrm
Hibch	3HBCOAHLm
HIBCH	3HBCOAHLm
Hibadh	HIBDm
HIBADH	HIBDm
Acss3	ACCOALm
ACSS3	ACCOALm
Aldh6a1	MMSAD1m	MMSAD3m	MMSAD3m2_mitoMap
ALDH6A1	MMSAD1m	MMSAD3m	MMSAD3m2_mitoMap
Pcca	PPCOACm
Pccb	PPCOACm
PCCA	PPCOACm	r1154
PCCB	PPCOACm	r1154
Mcee	MMEm
MCEE	MMEm
Mmut	MMMm
MMUT	MMMm
Echdc1	MMCDm
ECHDC1	MMCDm
Sds	THRD_L	r0060
Sdsl	THRD_L	r0060
SDS	THRD_L	r0060
SDSL	THRD_L	r0060
Mat2a	METAT
MAT2A	METAT
N/A	METAT2_mitoMap	ACALDtm
Ahcy	AHC
Ahcyl1	AHC
Ahcyl2	AHC
AHCY	AHC
AHCYL1	AHC
AHCYL2	AHC
Adk	ADNK1
ADK	ADNK1
Cbs	CYSTS
CBS	CYSTS
Cth	CYSTGL	r0193
CTH	CYSTGL	r0193
Cdo1	CYSO
CDO1	CYSO
Non-Enzymatic	3SPYRSP	PPD2CSPc_mitoMap	G5SADrm
Mpst	MCPST	MCPSTm_mitoMap	r0595m_mitoMap	r0595B_mitoMap
MPST	MCPST	MCPSTm_mitoMap	r0595m_mitoMap	r0595B_mitoMap
Tdo2	TRPO2
Ido1	TRPO2
TDO2	TRPO2
IDO1	TRPO2
Afmid	FKYNH
AFMID	FKYNH
Kmo	KYN3OX
KMO	KYN3OX
Kynu	HKYNH
KYNU	HKYNH
Haao	3HAO
HAAO	3HAO
Acmsd	PCLAD
ACMSD	PCLAD
Slc25a21	2OXOADPTmB_mitoMap	2OXOADPTmC_mitoMap	2AMADPTmB_mitoMap	2AMADPTmC_mitoMap
SLC25A21	2OXOADPTmB_mitoMap	2OXOADPTmC_mitoMap	2AMADPTmB_mitoMap	2AMADPTmC_mitoMap
Dhtkd1	2OXOADOXm
Gcdh	r0541
GCDH	r0541
Aass	SACCD3m	r0525
AASS	SACCD3m	r0525
Aldh7a1	AASAD3m	R03103_mitoMap	r0594	r0464c_mitoMap	ABUTD	NABTNOm	ALDD2xm	ALDD2x
ALDH7A1	AASAD3m	R03103_mitoMap	r0594	r0464c_mitoMap	ABUTD	NABTNOm	ALDD2x
Aadat	r0450
AADAT	r0450
Pipox	LPCOXc_mitoMap
PIPOX	LPCOXc_mitoMap
Prodh	PROD2mB_mitoMap
PRODH	PROD2mB_mitoMap
Aldh4a1	r0074
ALDH4A1	r0074
Aldh18a1 ALDH18A1	GLU5Km
Aldh18a1	G5SDym
ALDH18A1	G5SDym
Pycr1	P5CRm	P5CRxm
PYCR1	P5CRm	P5CRxm
Oat	ORNTArm
OAT	ORNTArm
Odc1	ORNDC
ODC1	ORNDC
Aoc1	PTRCOX1
AOC1	PTRCOX1
Aldh9a1	r0464c_mitoMap	ABUTD	NABTNOm	ALDD2xm	ALDD2x
ALDH9A1	r0464c_mitoMap	ABUTD	NABTNOm	ALDD2x
Azin2	ARGDCm
AZIN2	ARGDCm
AGMAT	AGMTm	AGMTm
Sat2	PTRCAT1m_mitoMap
SAT2	PTRCAT1m_mitoMap
Maob	APRTO2m_mitoMap	AACTOORm_mitoMap
MAOB	APRTO2m_mitoMap	AACTOORm_mitoMap
Aldh1b1	NABTNOm	ALDD2xm
Aldh3a2	NABTNOm	ALDD2xm
ALDH1B1	NABTNOm
ALDH3A2	NABTNOm
Gad2	GLUDC
GAD2	GLUDC
Abat	ABTArm	APAT2rm
ABAT	ABTArm	APAT2rm
Aldh5a1	r0178
ALDH5A1	r0178
Glud1	GLUDxm	GLUDym	GLUDxi	GLUDy
GLUD1	GLUDxm	GLUDym	GLUDxi	GLUDy
GLUD2	GLUDxm	GLUDym
Glul	GLNS
GLUL	GLNS
Gls	GLUNm	GLUN_mitoMap
Gls2	GLUNm
GLS	GLUNm	GLUN_mitoMap
GLS2	GLUNm
Cad	GLUN_mitoMap
CAD	GLUN_mitoMap
Phgdh	PGCD
PHGDH	PGCD
Psat1	PSERT
PSAT1	PSERT
Psph	PSP_L
PSPH	PSP_L
Shmt1	GHMT2r
SHMT1	GHMT2r
Dhfr	FOLR2	DHFR	r0514
DHFR	FOLR2	DHFR
Mthfd1	MTHFD	MTHFC	FTHFL
MTHFD1	MTHFD	MTHFC	FTHFL
Mthfd2l	MTHFC	MTHFDm	MTHFD2m	MTHFCm
MTHFD2L	MTHFC	MTHFDm	MTHFD2m	MTHFCm
Ftcd	FTCD	GluForTx
FTCD	FTCD	GluForTx
Aldh1l1	FTHFDH
ALDH1L1	FTHFDH
Srr	r0060
SRR	r0060
Shmt2	GHMT2rm
SHMT2	GHMT2rm
Gldc	GCCam
GLDC	GCCam
Amt	GCCbim
AMT	GCCbim
DHFRL1	r0514
Dhfr or	r0226
Mthfd2	MTHFD2m	MTHFCm
MTHFD2	MTHFD2m	MTHFCm
Mthfd1l	FTHFLm
MTHFD1L	FTHFLm
Aldh1l2	FTHFDHm_mitoMap
ALDH1L2	FTHFDHm_mitoMap
Gcat	GLYATm
GCAT	GLYATm
Non-enzymatic	AOBUTDsm
Glo1	LGTHLm_mitoMap
GLO1	LGTHLm_mitoMap
Hagh	GLYOXm
HAGH	GLYOXm
Ldhd	LDH_Dm_mitoMap
LDHD	LDH_Dm_mitoMap
Cps1	CBPSam
CPS1	CBPSam
Otc	OCBTm
OTC	OCBTm
Nos2	NOS1	NOS2
NOS2	NOS1	NOS2
Ggt6	r0129
Ggt7	r0129
GGT6	r0129
GGT7	r0129
Anpep	AMPTASECG
ANPEP	AMPTASECG
Gclc	GLUCYS
GCLC	GLUCYS
Gss	GTHS
GSS	GTHS
Pah	r0399
PAH	r0399
Qdpr	DHPR
QDPR	DHPR
Il4i1	TYRTB_mitoMap
IL4I1	TYRTB_mitoMap
Hpd	34HPPOR
HPD	34HPPOR
Hgd	HGNTOR
HGD	HGNTOR
Gstz1	MACACI
GSTZ1	MACACI
Fah	FUMAC
FAH	FUMAC
Asns	ASNS1
ASNS	ASNS1
Aspg	r0127
ASPG	r0127
Hal	HISD
HAL	HISD
Uroc1	URCN
UROC1	URCN
Amdhd1	IZPN
AMDHD1	IZPN
Gadl1	ASP1DC
GADL1	ASP1DC
Ckb	CKc
Ckm	CKc
CKB	CKc
CKM	CKc
Ckmt2	CK
CKMT2	CK
Acot12	ACOAHi
ACOT12	ACOAHi
Akr1a1	ALCD2yf
AKR1A1	ALCD2yf
Adh1	ALCD2if
Adh5	ALCD2if
ADH1C	ALCD2if
ADH5	ALCD2if
Acss1	ACSm
ACSS1	ACSm
Acss2	ACS
ACSS2	ACS
Adsl	ADSL1
ADSL	ADSL1
Adss	ADSS
Adssl1	ADSS
ADSS	ADSS
ADSSL1	ADSS
Ampd1	AMPD1
AMPD1	AMPD1
Arg1	ARGN
ARG1	ARGN
Asl	ARGSL
ASL	ARGSL
Ass1	ARGSS
ASS1	ARGSS
Arg2	ARGNm
ARG2	ARGNm
Alas1	ALASm
ALAS1	ALASm
Alad	PPBNGS
ALAD	PPBNGS
Hmbs	HMBS
HMBS	HMBS
Uros	UPP3S
UROS	UPP3S
Urod	UPPDC1
UROD	UPPDC1
Cpox	CPPPGO
CPOX	CPPPGO
Ppox	PPPGOmB_mitoMap
PPOX	PPPGOmB_mitoMap
Fech	FCLTm
FECH	FCLTm
Hmox1	HOXG
Hmox2	HOXG
HMOX1	HOXG
HMOX2	HOXG
Blvrb	BILIRED
BLVRB	BILIRED
Blvra	BILIRED2_mitoMap
BLVRA	BILIRED2_mitoMap
Pld3	PCHOLPm_hs
PLD3	PCHOLPm_hs
Gk	GLYK
GK	GLYK
Gpat2	GPAMm_hsB_mitoMap
GPAT2	GPAMm_hsB_mitoMap
Agpat5	AGPAT1B_mitoMap
AGPAT5	AGPAT1B_mitoMap
Tamm41	CDSm
TAMM41	CDSm
Pgs1	PGPPTm
PGS1	PGPPTm
Ptpmt1	PGPP_hsm_mitoMap
PTPMT1	PGPP_hsm_mitoMap
Crls1	CLS_hsm_mitoMap	CLPN_mitoMap
CRLS1	CLS_hsm_mitoMap	CLPN_mitoMap
Cmpk2	CYTK1m
CMPK2	CYTK1m
Sod1	SPODMm
Sod2	SPODMm
SOD1	SPODMm
SOD2	SPODMm
Gpx2	GTHP
GPX2	GTHP
Gpx1	GTHPm
GPX1	GTHPm
Gsr	GTHO	GTHOm
GSR	GTHO	GTHOm
Slc25a1	CITtamB	r0913	CITtbm	r0917	r0917b_mitoMap
SLC25A1	CITtamB	r0913	CITtbm	r0917	r0917b_mitoMap
Slc25a3	PIt2mB_mitoMap
SLC25A3	PIt2mB_mitoMap
Slc25a4	ATPtmB_mitoMap
Slc25a5	ATPtmB_mitoMap
SLC25A4	ATPtmB_mitoMap
SLC25A5	ATPtmB_mitoMap
SLC25A6	ATPtmB_mitoMap
Ucp2	HtmB_mitoMap
Ucp3	HtmB_mitoMap
ucp 1	HtmB_mitoMap
UCP2	HtmB_mitoMap
UCP3	HtmB_mitoMap
UCP1	HtmB_mitoMap
Slc25a10	MALtm	MALSO3tm	MALTSULtm	MALSO4tm	SUCCt2m	r0830	r0830B_mitoMap	r0829	SUCCt3m_mitoMap
SLC25A10	MALSO3tm	MALTSULtm	MALSO4tm	SUCCt2m	r0830	r0830B_mitoMap	r0829	SUCCt3m_mitoMap
Slc25a42	COAtmB_mitoMap	COAtmC_mitoMap
SLC25A42	COAtmB_mitoMap	COAtmC_mitoMap
Slc25a18	GLUt2mB_mitoMap
SLC25A18	GLUt2mB_mitoMap
Slc25a15	ORNt4mB_mitoMap	r2398B_mitoMap	r2402B_mitoMap
SLC25A15	ORNt4mB_mitoMap	r2398B_mitoMap	r2402B_mitoMap
Slc25a29	LYStmB_mitoMap	ORNt3mB_mitoMap	ARGtmB_mitoMap	r1427
SLC25A29	LYStmB_mitoMap	ORNt3mB_mitoMap	ARGtmB_mitoMap	r1427
Mpc1	PYRt2m	ACACt2mB_mitoMap
Mpc2	PYRt2m	ACACt2mB_mitoMap
MPC1	PYRt2m	ACACt2mB_mitoMap
MPC2	PYRt2m	ACACt2mB_mitoMap
Slc25a37	FE2tm
Slc25a28	FE2tm
SLC25A37	FE2tm
SLC25A28	FE2tm
Atp8a1	PSFLIPm	PEFLIPm
Atp8b2	PSFLIPm	PEFLIPm
Atp8b1	PSFLIPm	PEFLIPm
Atp8b4	PSFLIPm	PEFLIPm
Atp9a	PSFLIPm	PEFLIPm
Atp9b	PSFLIPm	PEFLIPm
Atp10a	PSFLIPm	PEFLIPm
Atp10d	PSFLIPm	PEFLIPm
Atp11a	PSFLIPm	PEFLIPm
Atp11b	PSFLIPm	PEFLIPm
Atp11c	PSFLIPm	PEFLIPm
Tmem30a	PSFLIPm	PEFLIPm
Tmem30b	PSFLIPm	PEFLIPm
ATP8A1	PSFLIPm	PEFLIPm
ATP8B1	PSFLIPm	PEFLIPm
ATP8B2	PSFLIPm	PEFLIPm
ATP8B4	PSFLIPm	PEFLIPm
ATP9A	PSFLIPm	PEFLIPm
ATP9B	PSFLIPm	PEFLIPm
ATP10A	PSFLIPm	PEFLIPm
ATP10D	PSFLIPm	PEFLIPm
ATP11A	PSFLIPm	PEFLIPm
ATP11B	PSFLIPm	PEFLIPm
ATP11C	PSFLIPm	PEFLIPm
TMEM30A	PSFLIPm	PEFLIPm
TMEM30B	PSFLIPm	PEFLIPm
